timestamp,data
733.42,q:0.651:0.048:0.041:0.757,gq:0.651:0.048:0.041:0.757,a:-0.133:9.574:1.176,la:0.000:0.000:-0.004,g:0.000:0.002:0.002,m:-28.438:-153.938:-142.250,grav:0.000:0.000:0.000,steps:0,stab:Unknown
734.06,q:0.655:0.048:0.041:0.753,gq:0.655:0.048:0.041:0.753,a:-0.172:9.570:1.176,la:-0.008:0.000:-0.004,g:0.000:0.002:-0.002,m:-28.125:-153.625:-143.000,grav:-0.164:9.570:1.180,steps:0,stab:Unknown
734.70,q:0.658:0.048:0.041:0.750,gq:0.658:0.048:0.041:0.750,a:-0.172:9.570:1.176,la:-0.008:0.000:-0.004,g:-0.004:0.002:0.000,m:-26.250:-153.000:-140.250,grav:-0.164:9.570:1.180,steps:0,stab:Unknown
735.34,q:0.660:0.048:0.042:0.749,gq:0.659:0.048:0.042:0.749,a:-0.133:9.574:1.176,la:-0.008:0.000:-0.004,g:0.002:-0.002:0.000,m:-27.750:-152.938:-143.875,grav:-0.164:9.570:1.180,steps:0,stab:Unknown
735.96,q:0.660:0.048:0.042:0.748,gq:0.660:0.048:0.042:0.748,a:-0.172:9.570:1.176,la:0.031:0.000:-0.004,g:0.000:-0.002:0.000,m:-27.750:-152.938:-143.875,grav:-0.164:9.570:1.180,steps:0,stab:Stable
736.61,q:0.660:0.048:0.042:0.748,gq:0.660:0.048:0.042:0.748,a:-0.172:9.570:1.176,la:-0.016:0.000:-0.004,g:0.002:-0.004:0.000,m:-27.375:-153.625:-143.125,grav:-0.164:9.570:1.180,steps:0,stab:On Table
737.36,q:0.661:0.048:0.042:0.748,gq:0.661:0.048:0.042:0.748,a:-0.172:9.570:1.176,la:-0.016:0.000:-0.004,g:0.000:0.000:0.000,m:-27.688:-153.500:-141.125,grav:-0.164:9.570:1.180,steps:0,stab:On Table
737.99,q:0.661:0.048:0.042:0.748,gq:0.661:0.048:0.042:0.748,a:-0.172:9.570:1.176,la:-0.016:0.000:-0.004,g:0.000:0.000:-0.002,m:-27.688:-153.188:-141.938,grav:-0.164:9.570:1.180,steps:0,stab:On Table
738.67,q:0.661:0.048:0.042:0.748,gq:0.661:0.048:0.042:0.748,a:-0.172:9.570:1.176,la:-0.008:0.000:0.035,g:0.000:0.000:0.000,m:-28.125:-153.313:-144.313,grav:-0.164:9.570:1.180,steps:0,stab:On Table
739.31,q:0.661:0.048:0.042:0.748,gq:0.661:0.048:0.042:0.748,a:-0.172:9.570:1.176,la:0.031:0.000:-0.004,g:0.000:0.000:0.000,m:-27.750:-153.625:-143.125,grav:-0.156:9.570:1.180,steps:0,stab:On Table
739.96,q:0.661:0.048:0.042:0.748,gq:0.661:0.048:0.042:0.748,a:-0.172:9.570:1.176,la:0.023:0.000:-0.004,g:0.000:0.000:0.000,m:-28.438:-153.500:-140.375,grav:-0.156:9.570:1.180,steps:0,stab:On Table
740.71,q:0.661:0.048:0.042:0.748,gq:0.661:0.048:0.042:0.748,a:-0.133:9.574:1.176,la:0.023:0.000:-0.004,g:0.000:0.000:0.000,m:-28.063:-152.500:-143.500,grav:-0.156:9.570:1.180,steps:0,stab:On Table
741.35,q:0.661:0.048:0.042:0.748,gq:0.661:0.048:0.042:0.748,a:-0.172:9.574:1.215,la:-0.016:0.000:-0.004,g:0.000:0.000:0.000,m:-28.500:-153.688:-143.563,grav:-0.156:9.570:1.180,steps:0,stab:On Table
741.99,q:0.661:0.048:0.042:0.748,gq:0.661:0.048:0.042:0.748,a:-0.172:9.570:1.176,la:-0.016:0.000:-0.004,g:0.000:0.000:0.000,m:-28.438:-153.625:-142.375,grav:-0.156:9.570:1.180,steps:0,stab:On Table
742.62,q:0.661:0.048:0.042:0.748,gq:0.661:0.048:0.042:0.748,a:-0.133:9.574:1.176,la:-0.016:0.000:-0.004,g:0.004:0.002:-0.004,m:-28.063:-151.813:-143.875,grav:-0.156:9.570:1.180,steps:0,stab:On Table
743.26,q:0.661:0.048:0.042:0.748,gq:0.661:0.048:0.042:0.748,a:-0.172:9.570:1.176,la:-0.008:0.000:-0.004,g:0.000:0.002:0.002,m:-28.438:-152.938:-143.938,grav:-0.156:9.570:1.180,steps:0,stab:On Table
744.00,q:0.661:0.048:0.042:0.748,gq:0.661:0.048:0.042:0.748,a:-0.172:9.570:1.176,la:-0.008:0.000:-0.004,g:0.000:0.000:0.000,m:-27.063:-153.313:-144.750,grav:-0.164:9.570:1.180,steps:0,stab:On Table
744.63,q:0.661:0.048:0.042:0.748,gq:0.661:0.048:0.042:0.748,a:-0.172:9.570:1.176,la:-0.008:0.000:-0.004,g:0.000:0.000:0.000,m:-27.000:-153.438:-140.813,grav:-0.234:9.523:1.188,steps:0,stab:On Table
745.27,q:0.659:0.056:0.034:0.749,gq:0.654:0.085:0.007:0.752,a:-0.633:9.879:1.293,la:0.707:-0.051:-0.156,g:-0.012:0.016:-0.141,m:-27.750:-153.750:-144.813,grav:-1.141:9.445:1.258,steps:0,stab:On Table
745.91,q:0.647:0.113:-0.020:0.753,gq:0.647:0.114:-0.021:0.753,a:-1.129:9.570:1.254,la:-0.184:-0.027:-0.012,g:-0.012:0.014:-0.152,m:-23.500:-155.125:-145.563,grav:-1.875:9.359:1.305,steps:0,stab:On Table
746.55,q:0.639:0.146:-0.051:0.754,gq:0.647:0.116:-0.023:0.754,a:-2.969:9.035:1.367,la:-0.070:0.000:0.047,g:-0.010:0.004:-0.135,m:-17.188:-159.875:-145.750,grav:-1.945:9.344:1.313,steps:0,stab:On Table
747.30,q:0.638:0.148:-0.054:0.754,gq:0.638:0.149:-0.054:0.754,a:-2.930:9.035:1.332,la:-0.066:-0.027:0.031,g:-0.018:0.020:-0.164,m:-14.750:-160.563:-145.750,grav:-2.961:9.063:1.367,steps:0,stab:On Table
747.94,q:0.625:0.190:-0.094:0.751,gq:0.625:0.190:-0.094:0.751,a:-4.656:8.309:1.445,la:-0.180:-0.090:0.000,g:-0.010:0.018:-0.158,m:-9.688:-159.000:-147.563,grav:-4.445:8.414:1.445,steps:0,stab:On Table
748.57,q:0.614:0.220:-0.122:0.748,gq:0.615:0.218:-0.121:0.749,a:-4.730:8.230:1.445,la:-0.168:-0.121:0.000,g:-0.008:0.016:-0.143,m:-10.063:-159.438:-148.813,grav:-5.414:7.813:1.453,steps:0,stab:On Table
749.21,q:0.587:0.282:-0.184:0.736,gq:0.586:0.283:-0.184:0.736,a:-6.109:7.273:1.445,la:0.004:0.020:0.023,g:-0.012:0.008:-0.143,m:-6.813:-160.000:-147.188,grav:-5.477:7.766:1.461,steps:0,stab:On Table
749.85,q:0.570:0.314:-0.215:0.728,gq:0.570:0.315:-0.216:0.728,a:-6.801:6.660:1.484,la:0.051:-0.012:-0.023,g:-0.012:0.014:-0.152,m:0.063:-157.500:-147.250,grav:-6.188:7.211:1.461,steps:0,stab:On Table
750.60,q:0.551:0.347:-0.248:0.717,gq:0.570:0.314:-0.215:0.728,a:-7.445:5.895:1.484,la:0.020:0.027:0.031,g:-0.010:0.016:-0.133,m:5.125:-157.375:-148.000,grav:-6.680:6.766:1.469,steps:0,stab:On Table
751.24,q:0.550:0.350:-0.250:0.716,gq:0.550:0.350:-0.251:0.716,a:-8.023:5.090:1.445,la:-0.004:-0.043:0.000,g:-0.012:0.016:-0.146,m:8.500:-153.063:-147.188,grav:-7.539:5.781:1.461,steps:0,stab:On Table
751.87,q:0.530:0.381:-0.282:0.704,gq:0.531:0.379:-0.280:0.704,a:-8.484:4.359:1.406,la:0.043:-0.020:0.008,g:-0.014:0.016:-0.129,m:8.125:-153.875:-147.313,grav:-8.430:4.398:1.398,steps:0,stab:On Table
752.56,q:0.490:0.435:-0.336:0.676,gq:0.490:0.435:-0.337:0.676,a:-8.488:4.246:1.406,la:-0.016:-0.020:0.008,g:-0.002:0.014:-0.123,m:12.813:-153.000:-148.313,grav:-8.867:3.461:1.359,steps:0,stab:On Table
753.20,q:0.470:0.460:-0.362:0.661,gq:0.488:0.437:-0.339:0.675,a:-9.215:2.563:1.293,la:-0.004:-0.035:-0.012,g:-0.014:0.018:-0.158,m:17.563:-147.625:-148.313,grav:-8.891:3.406:1.352,steps:0,stab:On Table
753.94,q:0.468:0.462:-0.365:0.659,gq:0.467:0.463:-0.365:0.659,a:-9.172:2.523:1.367,la:-0.082:-0.059:-0.020,g:-0.012:0.014:-0.141,m:21.188:-146.250:-146.188,grav:-9.172:2.539:1.305,steps:0,stab:On Table
754.58,q:0.438:0.495:-0.398:0.636,gq:0.438:0.495:-0.399:0.636,a:-9.516:0.645:1.215,la:0.012:-0.004:0.043,g:-0.008:0.016:-0.131,m:24.375:-140.188:-141.000,grav:-9.523:0.680:1.172,steps:0,stab:On Table
755.21,q:0.414:0.518:-0.424:0.617,gq:0.415:0.517:-0.422:0.618,a:-9.516:-0.352:1.102,la:0.059:-0.047:-0.023,g:-0.016:0.014:-0.156,m:27.000:-135.938:-141.063,grav:-9.563:-0.156:1.109,steps:0,stab:On Table
755.85,q:0.363:0.562:-0.471:0.574,gq:0.363:0.563:-0.472:0.574,a:-9.520:-1.195:1.023,la:-0.012:0.047:0.023,g:-0.012:0.016:-0.135,m:27.750:-135.563:-142.188,grav:-9.555:-0.258:1.094,steps:0,stab:On Table
756.48,q:0.363:0.562:-0.471:0.574,gq:0.363:0.563:-0.472:0.574,a:-9.367:-2.152:0.910,la:-0.008:-0.051:0.012,g:-0.020:0.016:-0.150,m:30.438:-130.875:-140.688,grav:-9.523:-1.031:1.016,steps:0,stab:On Table
757.22,q:0.333:0.586:-0.497:0.548,gq:0.334:0.584:-0.495:0.549,a:-9.027:-3.184:0.758,la:0.047:-0.020:-0.031,g:-0.010:0.016:-0.133,m:32.125:-124.250:-138.250,grav:-9.086:-3.125:0.797,steps:0,stab:On Table
757.86,q:0.274:0.624:-0.540:0.495,gq:0.274:0.624:-0.540:0.494,a:-8.672:-4.105:0.680,la:-0.012:0.012:0.051,g:-0.012:0.018:-0.154,m:32.813:-124.688:-139.000,grav:-8.773:-3.961:0.695,steps:0,stab:On Table
758.50,q:0.240:0.643:-0.562:0.463,gq:0.239:0.643:-0.562:0.462,a:-8.293:-4.949:0.566,la:0.012:0.004:0.023,g:-0.018:0.016:-0.170,m:33.000:-120.375:-136.750,grav:-8.727:-4.063:0.688,steps:0,stab:On Table
759.13,q:0.237:0.644:-0.563:0.460,gq:0.236:0.644:-0.564:0.460,a:-8.328:-4.949:0.602,la:0.055:-0.109:-0.020,g:-0.008:0.014:-0.156,m:34.750:-111.875:-133.438,grav:-8.242:-5.023:0.570,steps:0,stab:On Table
759.76,q:0.207:0.658:-0.582:0.431,gq:0.209:0.657:-0.580:0.433,a:-7.719:-5.828:0.488,la:-0.008:-0.070:-0.012,g:-0.018:0.016:-0.162,m:34.563:-106.438:-131.500,grav:-7.266:-6.398:0.375,steps:0,stab:On Table
760.50,q:0.177:0.671:-0.597:0.402,gq:0.138:0.686:-0.616:0.362,a:-6.418:-7.359:0.219,la:0.059:-0.051:0.008,g:-0.008:0.014:-0.143,m:35.313:-104.938:-132.250,grav:-7.203:-6.469:0.359,steps:0,stab:On Table
761.14,q:0.105:0.695:-0.630:0.329,gq:0.135:0.687:-0.617:0.360,a:-5.652:-8.008:0.105,la:0.051:0.023:0.004,g:-0.010:0.018:-0.146,m:33.500:-95.813:-129.750,grav:-6.336:-7.352:0.195,steps:0,stab:On Table
761.77,q:0.102:0.696:-0.631:0.326,gq:0.102:0.696:-0.631:0.326,a:-4.770:-8.508:-0.012,la:-0.020:-0.004:-0.020,g:-0.014:0.010:-0.145,m:32.188:-94.438:-125.625,grav:-4.820:-8.469:-0.008,steps:0,stab:On Table
762.40,q:0.065:0.705:-0.645:0.288,gq:0.034:0.711:-0.654:0.255,a:-4.848:-8.391:-0.012,la:-0.012:-0.023:0.012,g:-0.018:0.008:-0.158,m:32.188:-92.250:-127.125,grav:-3.938:-8.945:-0.125,steps:0,stab:On Table
763.04,q:0.005:0.715:-0.663:0.223,gq:0.031:0.711:-0.655:0.252,a:-3.852:-8.969:-0.086,la:0.133:-0.059:0.016,g:-0.016:0.016:-0.168,m:29.125:-88.063:-124.125,grav:-3.859:-8.992:-0.141,steps:0,stab:On Table
763.79,q:-0.037:0.718:-0.671:0.178,gq:0.001:0.715:-0.663:0.219,a:-1.703:-9.656:-0.355,la:0.277:-0.059:-0.035,g:-0.012:0.020:-0.156,m:25.750:-82.688:-121.875,grav:-2.977:-9.313:-0.242,steps:0,stab:On Table
764.42,q:-0.039:0.719:-0.672:0.175,gq:-0.039:0.719:-0.672:0.175,a:-0.824:-9.777:-0.469,la:0.012:0.008:-0.031,g:-0.016:0.016:-0.164,m:22.313:-80.000:-118.188,grav:-1.992:-9.602:-0.336,steps:0,stab:On Table
765.05,q:-0.077:0.719:-0.678:0.133,gq:-0.075:0.719:-0.678:0.135,a:-0.785:-9.777:-0.430,la:-0.035:0.016:0.016,g:-0.014:0.012:-0.168,m:23.000:-78.375:-122.063,grav:0.219:-9.836:-0.531,steps:0,stab:On Table
765.73,q:-0.146:0.714:-0.682:0.056,gq:-0.114:0.717:-0.682:0.092,a:1.359:-9.738:-0.660,la:0.016:-0.016:0.012,g:-0.014:0.021:-0.170,m:16.500:-73.750:-117.125,grav:0.297:-9.836:-0.539,steps:0,stab:On Table
766.37,q:-0.149:0.714:-0.683:0.053,gq:-0.150:0.713:-0.683:0.052,a:2.469:-9.578:-0.699,la:0.070:-0.027:-0.004,g:-0.012:0.018:-0.184,m:13.000:-72.563:-115.125,grav:2.367:-9.563:-0.688,steps:0,stab:On Table
766.99,q:-0.185:0.708:-0.682:0.011,gq:-0.185:0.707:-0.682:0.010,a:3.391:-9.238:-0.699,la:0.215:0.141:0.012,g:-0.012:0.008:-0.174,m:14.313:-74.250:-118.000,grav:3.414:-9.250:-0.742,steps:0,stab:On Table
767.74,q:0.259:-0.688:0.674:0.077,gq:0.219:-0.700:0.679:0.029,a:3.352:-9.160:-0.777,la:0.008:0.004:0.051,g:-0.008:0.020:-0.164,m:8.000:-71.563:-114.000,grav:3.492:-9.227:-0.742,steps:0,stab:On Table
768.38,q:0.289:-0.677:0.668:0.114,gq:0.262:-0.686:0.673:0.081,a:5.535:-8.207:-0.777,la:0.043:0.016:-0.031,g:-0.018:0.018:-0.178,m:-0.625:-69.250:-115.188,grav:4.656:-8.711:-0.789,steps:0,stab:On Table
769.02,q:0.292:-0.675:0.667:0.118,gq:0.292:-0.675:0.667:0.118,a:6.723:-7.137:-0.660,la:0.012:0.203:0.176,g:-0.018:0.025:-0.172,m:-5.688:-71.875:-112.688,grav:6.664:-7.383:-0.836,steps:0,stab:On Table
769.65,q:0.339:-0.654:0.650:0.190,gq:0.335:-0.655:0.651:0.185,a:7.563:-6.020:-0.777,la:0.156:0.387:0.082,g:-0.033:0.031:-0.318,m:-11.125:-72.125:-113.938,grav:7.656:-6.234:-0.852,steps:0,stab:On Table
770.29,q:0.382:-0.629:0.638:0.228,gq:0.406:-0.613:0.625:0.262,a:7.680:-5.980:-0.738,la:0.082:0.012:-0.023,g:-0.014:0.014:-0.174,m:-13.188:-71.875:-114.375,grav:7.703:-6.148:-0.836,steps:0,stab:On Table
771.03,q:0.436:-0.590:0.608:0.304,gq:0.408:-0.611:0.624:0.265,a:8.793:-4.488:-0.738,la:-0.027:-0.020:0.035,g:-0.006:0.014:-0.182,m:-19.563:-77.875:-116.500,grav:8.266:-5.453:-0.789,steps:0,stab:On Table
771.66,q:0.438:-0.588:0.606:0.307,gq:0.438:-0.588:0.606:0.307,a:9.215:-3.492:-0.738,la:0.000:0.078:-0.004,g:0.006:0.012:-0.174,m:-22.750:-78.563:-114.188,grav:9.203:-3.602:-0.742,steps:0,stab:On Table
772.29,q:0.462:-0.568:0.592:0.337,gq:0.461:-0.569:0.593:0.335,a:9.520:-2.609:-0.699,la:0.008:0.008:0.027,g:-0.006:0.014:-0.129,m:-24.188:-76.938:-117.688,grav:9.531:-2.594:-0.688,steps:0,stab:On Table
772.92,q:0.508:-0.521:0.555:0.403,gq:0.486:-0.546:0.573:0.371,a:9.559:-2.535:-0.660,la:-0.047:-0.027:-0.012,g:-0.020:0.016:-0.146,m:-29.875:-84.688:-118.250,grav:9.555:-2.523:-0.680,steps:0,stab:On Table
773.56,q:0.507:-0.523:0.556:0.400,gq:0.507:-0.523:0.555:0.401,a:9.750:-1.613:-0.621,la:0.012:0.023:0.055,g:-0.010:0.018:-0.176,m:-31.813:-89.563:-117.000,grav:9.852:-0.711:-0.563,steps:0,stab:On Table
774.29,q:0.529:-0.497:0.533:0.434,gq:0.528:-0.498:0.535:0.432,a:9.824:0.492:-0.469,la:0.012:0.027:-0.031,g:-0.010:0.014:-0.143,m:-34.938:-95.500:-119.875,grav:9.852:0.438:-0.453,steps:0,stab:On Table
774.93,q:0.550:-0.469:0.510:0.466,gq:0.569:-0.440:0.486:0.496,a:9.750:1.375:-0.355,la:0.000:-0.016:0.004,g:-0.012:0.014:-0.152,m:-35.625:-94.438:-120.563,grav:9.852:0.516:-0.445,steps:0,stab:On Table
775.57,q:0.570:-0.438:0.484:0.498,gq:0.571:-0.438:0.484:0.498,a:9.555:2.371:-0.277,la:0.004:0.027:0.004,g:-0.012:0.016:-0.154,m:-38.688:-100.000:-123.813,grav:9.734:1.500:-0.359,steps:0,stab:On Table
776.20,q:0.588:-0.409:0.459:0.526,gq:0.588:-0.408:0.458:0.527,a:9.555:2.445:-0.238,la:-0.012:-0.008:-0.012,g:-0.010:0.016:-0.141,m:-40.688:-104.688:-124.500,grav:9.281:3.242:-0.172,steps:0,stab:On Table
776.83,q:0.602:-0.380:0.435:0.551,gq:0.615:-0.352:0.410:0.574,a:9.250:3.328:-0.164,la:0.008:-0.016:0.008,g:-0.014:0.018:-0.158,m:-40.688:-104.313:-124.875,grav:8.891:4.125:-0.063,steps:0,stab:On Table
777.58,q:0.630:-0.316:0.378:0.601,gq:0.630:-0.315:0.378:0.601,a:8.332:5.090:-0.012,la:0.027:-0.012:-0.035,g:-0.016:0.014:-0.152,m:-41.125:-108.813:-123.938,grav:8.359:5.102:0.063,steps:0,stab:On Table
778.23,q:0.640:-0.285:0.350:0.622,gq:0.631:-0.313:0.375:0.603,a:8.293:5.129:0.066,la:-0.047:0.027:0.016,g:-0.012:0.014:-0.141,m:-43.000:-119.688:-129.438,grav:8.320:5.164:0.070,steps:0,stab:On Table
778.91,q:0.650:-0.249:0.319:0.643,gq:0.641:-0.282:0.348:0.624,a:7.797:5.895:0.145,la:-0.051:-0.059:0.008,g:-0.012:0.016:-0.145,m:-42.750:-122.438:-131.188,grav:7.773:5.922:0.172,steps:0,stab:On Table
779.54,q:0.650:-0.247:0.317:0.645,gq:0.650:-0.249:0.318:0.644,a:7.102:6.660:0.297,la:-0.027:0.004:0.000,g:-0.014:0.014:-0.141,m:-42.875:-126.250:-131.000,grav:6.539:7.219:0.406,steps:0,stab:On Table
780.17,q:0.662:-0.187:0.262:0.677,gq:0.662:-0.186:0.261:0.677,a:5.840:7.695:0.488,la:0.043:-0.078:-0.027,g:-0.014:0.016:-0.160,m:-41.188:-128.938:-132.750,grav:6.477:7.273:0.406,steps:0,stab:On Table
780.91,q:0.662:-0.184:0.259:0.679,gq:0.662:-0.183:0.259:0.679,a:5.805:7.809:0.527,la:0.031:-0.004:0.012,g:-0.014:0.018:-0.164,m:-39.313:-135.125:-135.938,grav:5.734:7.836:0.523,steps:0,stab:On Table
781.54,q:0.667:-0.146:0.224:0.695,gq:0.667:-0.148:0.226:0.695,a:4.156:8.691:0.680,la:-0.031:0.016:-0.047,g:-0.018:0.014:-0.148,m:-37.250:-139.563:-135.688,grav:4.156:8.742:0.742,steps:0,stab:On Table
782.17,q:0.669:-0.116:0.196:0.707,gq:0.671:-0.084:0.167:0.718,a:3.313:9.031:0.793,la:0.008:0.012:0.012,g:-0.012:0.014:-0.131,m:-38.000:-140.000:-136.563,grav:4.094:8.758:0.742,steps:0,stab:On Table
782.81,q:0.671:-0.082:0.165:0.719,gq:0.671:-0.082:0.164:0.719,a:2.469:9.336:0.910,la:-0.023:0.035:-0.004,g:-0.018:0.010:-0.129,m:-33.813:-144.063:-137.500,grav:3.250:9.102:0.828,steps:0,stab:On Table
783.44,q:0.670:-0.049:0.134:0.728,gq:0.670:-0.051:0.136:0.728,a:1.629:9.492:1.023,la:0.012:0.020:0.027,g:-0.010:0.006:-0.129,m:-31.438:-146.375:-139.250,grav:1.656:9.469:1.008,steps:0,stab:On Table
784.17,q:0.669:-0.018:0.105:0.736,gq:0.665:0.017:0.071:0.743,a:1.551:9.496:1.023,la:0.027:-0.047:-0.031,g:-0.008:0.018:-0.145,m:-31.500:-148.688:-139.750,grav:1.586:9.477:1.016,steps:0,stab:On Table
784.80,q:0.665:0.019:0.069:0.743,gq:0.665:0.020:0.069:0.743,a:0.555:9.531:1.102,la:0.000:-0.008:0.004,g:-0.012:0.014:-0.148,m:-25.500:-152.625:-140.750,grav:0.570:9.578:1.102,steps:0,stab:On Table
785.44,q:0.660:0.053:0.037:0.748,gq:0.661:0.051:0.039:0.748,a:-0.363:9.609:1.176,la:-0.074:0.039:-0.004,g:-0.002:-0.016:0.045,m:-23.813:-155.000:-142.813,grav:-0.828:9.578:1.227,steps:0,stab:On Table
786.07,q:0.657:0.071:0.019:0.750,gq:0.657:0.071:0.019:0.750,a:-0.707:9.492:1.176,la:0.137:-0.082:-0.051,g:0.000:0.006:-0.012,m:-24.563:-154.750:-144.438,grav:-0.844:9.578:1.227,steps:0,stab:On Table
786.71,q:0.657:0.072:0.018:0.750,gq:0.657:0.071:0.019:0.750,a:-0.824:9.531:1.215,la:-0.074:0.086:0.035,g:-0.002:0.000:0.000,m:-23.875:-155.125:-144.813,grav:-0.820:9.531:1.227,steps:0,stab:On Table
787.44,q:0.657:0.073:0.018:0.750,gq:0.657:0.073:0.018:0.750,a:-0.746:9.457:1.215,la:0.004:-0.027:-0.004,g:0.002:0.006:-0.004,m:-24.938:-157.188:-141.000,grav:-0.828:9.523:1.219,steps:0,stab:On Table
788.07,q:0.657:0.072:0.018:0.750,gq:0.657:0.072:0.018:0.750,a:-0.824:9.531:1.215,la:-0.035:0.008:-0.004,g:0.004:0.002:0.002,m:-24.188:-154.313:-143.938,grav:-0.820:9.523:1.227,steps:0,stab:On Table
788.71,q:0.657:0.072:0.018:0.750,gq:0.657:0.073:0.018:0.750,a:-0.824:9.531:1.215,la:-0.012:0.008:-0.004,g:-0.002:0.002:0.000,m:-24.188:-154.250:-143.188,grav:-0.820:9.531:1.227,steps:0,stab:On Table
789.35,q:0.657:0.072:0.018:0.750,gq:0.657:0.072:0.018:0.750,a:-0.824:9.531:1.215,la:-0.004:0.000:-0.012,g:-0.002:-0.002:0.002,m:-24.250:-156.500:-142.563,grav:-0.820:9.531:1.227,steps:0,stab:On Table
789.98,q:0.657:0.073:0.018:0.750,gq:0.657:0.073:0.018:0.750,a:-0.824:9.531:1.215,la:0.004:0.008:-0.012,g:0.000:-0.002:0.000,m:-24.188:-155.000:-142.813,grav:-0.820:9.531:1.227,steps:0,stab:On Table
790.72,q:0.657:0.073:0.018:0.750,gq:0.657:0.073:0.018:0.750,a:-0.824:9.531:1.215,la:-0.004:0.000:-0.012,g:0.000:0.000:0.000,m:-24.563:-155.063:-143.188,grav:-0.820:9.531:1.227,steps:0,stab:On Table
791.36,q:0.657:0.073:0.018:0.750,gq:0.657:0.073:0.018:0.750,a:-0.824:9.531:1.215,la:-0.004:0.000:-0.012,g:0.000:0.000:0.000,m:-24.188:-155.438:-143.625,grav:-0.820:9.531:1.227,steps:0,stab:On Table
792.00,q:0.657:0.073:0.018:0.750,gq:0.657:0.073:0.018:0.750,a:-0.824:9.531:1.215,la:-0.004:0.000:-0.012,g:0.000:0.000:0.000,m:-23.813:-155.000:-142.813,grav:-0.820:9.531:1.227,steps:0,stab:On Table
792.68,q:0.657:0.073:0.018:0.750,gq:0.657:0.073:0.018:0.750,a:-0.824:9.531:1.215,la:-0.004:0.000:-0.012,g:0.000:0.000:0.000,m:-24.938:-156.250:-144.063,grav:-0.820:9.531:1.227,steps:0,stab:On Table
793.32,q:0.660:0.052:0.039:0.748,gq:0.661:0.051:0.039:0.748,a:-0.824:9.531:1.215,la:-0.320:0.215:0.066,g:0.010:-0.027:0.174,m:-24.188:-155.375:-142.375,grav:-0.820:9.531:1.227,steps:0,stab:On Table
793.96,q:0.665:0.019:0.069:0.743,gq:0.665:0.019:0.070:0.743,a:0.707:9.570:1.063,la:-0.070:0.039:-0.008,g:0.012:-0.010:0.145,m:-28.625:-149.375:-140.938,grav:-0.211:9.625:1.180,steps:0,stab:On Table
794.69,q:0.665:0.020:0.068:0.743,gq:0.665:0.020:0.069:0.743,a:1.629:9.492:1.023,la:0.387:-0.082:-0.016,g:0.010:-0.014:0.143,m:-32.125:-146.625:-137.250,grav:0.492:9.578:1.109,steps:0,stab:On Table
795.32,q:0.669:-0.016:0.104:0.736,gq:0.669:-0.014:0.102:0.736,a:2.434:9.379:0.949,la:0.066:0.035:0.000,g:0.012:-0.016:0.150,m:-31.438:-146.750:-138.875,grav:2.469:9.305:0.914,steps:0,stab:On Table
795.96,q:0.671:-0.082:0.165:0.718,gq:0.671:-0.049:0.134:0.728,a:3.391:9.035:0.832,la:0.070:-0.027:0.004,g:0.014:-0.010:0.131,m:-34.938:-145.313:-138.375,grav:2.539:9.289:0.914,steps:0,stab:On Table
796.60,q:0.671:-0.084:0.167:0.717,gq:0.671:-0.085:0.167:0.717,a:4.234:8.652:0.719,la:0.047:-0.051:0.023,g:0.010:-0.006:0.135,m:-38.313:-137.688:-135.688,grav:3.414:9.023:0.813,steps:0,stab:On Table
797.24,q:0.670:-0.115:0.195:0.707,gq:0.670:-0.115:0.196:0.707,a:4.961:8.348:0.641,la:0.000:0.023:0.016,g:0.010:-0.016:0.133,m:-39.938:-134.938:-132.750,grav:4.227:8.688:0.719,steps:0,stab:On Table
797.97,q:0.667:-0.150:0.228:0.693,gq:0.663:-0.185:0.260:0.677,a:5.039:8.309:0.602,la:0.016:0.020:-0.016,g:0.008:-0.018:0.139,m:-40.688:-134.375:-135.500,grav:5.820:7.766:0.500,steps:0,stab:On Table
798.61,q:0.658:-0.218:0.289:0.661,gq:0.658:-0.219:0.289:0.660,a:5.918:7.660:0.527,la:0.023:0.016:0.012,g:0.016:-0.016:0.150,m:-40.875:-130.063:-133.250,grav:6.539:7.188:0.391,steps:0,stab:On Table
799.25,q:0.651:-0.250:0.318:0.642,gq:0.657:-0.221:0.292:0.659,a:7.219:6.543:0.297,la:-0.035:0.027:0.008,g:0.016:-0.016:0.137,m:-42.813:-122.813:-130.813,grav:6.594:7.141:0.391,steps:0,stab:On Table
799.89,q:0.650:-0.253:0.321:0.641,gq:0.650:-0.253:0.321:0.641,a:7.797:5.855:0.180,la:0.016:-0.020:0.000,g:0.012:-0.016:0.150,m:-42.938:-118.500:-127.750,grav:7.250:6.508:0.281,steps:0,stab:On Table
800.52,q:0.641:-0.285:0.350:0.621,gq:0.641:-0.284:0.348:0.622,a:7.828:5.855:0.180,la:0.004:0.027:0.016,g:0.014:-0.014:0.139,m:-42.813:-114.313:-127.125,grav:8.305:5.141:0.070,steps:0,stab:On Table
801.26,q:0.618:-0.348:0.405:0.577,gq:0.618:-0.349:0.405:0.576,a:8.832:4.094:-0.012,la:0.078:0.066:-0.102,g:0.014:-0.021:0.158,m:-42.500:-115.438:-126.813,grav:8.844:4.188:-0.055,steps:0,stab:On Table
801.90,q:0.605:-0.379:0.431:0.552,gq:0.617:-0.351:0.407:0.574,a:9.254:3.441:-0.203,la:-0.043:-0.063:0.117,g:0.014:-0.014:0.160,m:-40.250:-103.875:-124.063,grav:8.883:4.117:-0.063,steps:0,stab:On Table
802.54,q:0.604:-0.381:0.433:0.550,gq:0.603:-0.382:0.434:0.550,a:9.250:3.289:-0.164,la:0.090:0.078:-0.051,g:0.014:-0.018:0.156,m:-39.375:-99.875:-120.625,grav:9.508:2.469:-0.258,steps:0,stab:On Table
803.17,q:0.588:-0.411:0.458:0.524,gq:0.589:-0.409:0.457:0.526,a:9.480:2.332:-0.164,la:-0.051:-0.035:0.109,g:0.014:-0.018:0.148,m:-38.625:-97.625:-121.188,grav:9.703:1.555:-0.344,steps:0,stab:On Table
803.80,q:0.573:-0.437:0.481:0.499,gq:0.557:-0.463:0.503:0.473,a:9.824:1.527:-0.469,la:-0.023:-0.070:0.043,g:0.012:-0.016:0.154,m:-36.688:-94.500:-120.625,grav:9.719:1.477:-0.359,steps:0,stab:On Table
804.54,q:0.555:-0.464:0.504:0.471,gq:0.555:-0.465:0.505:0.470,a:9.863:0.531:-0.430,la:0.051:0.066:-0.047,g:0.010:-0.018:0.145,m:-31.813:-90.063:-118.688,grav:9.852:0.516:-0.461,steps:0,stab:On Table
805.17,q:0.533:-0.495:0.530:0.436,gq:0.534:-0.493:0.528:0.438,a:9.824:-1.387:-0.660,la:0.012:0.027:-0.039,g:0.012:-0.016:0.148,m:-29.563:-88.000:-117.313,grav:9.758:-1.430:-0.609,steps:0,stab:On Table
805.80,q:0.514:-0.518:0.549:0.408,gq:0.493:-0.541:0.568:0.377,a:9.594:-2.457:-0.660,la:0.000:-0.074:0.070,g:0.012:-0.018:0.154,m:-28.188:-89.125:-117.750,grav:9.586:-2.406:-0.688,steps:0,stab:On Table
806.49,q:0.491:-0.542:0.569:0.375,gq:0.491:-0.543:0.569:0.375,a:9.559:-2.457:-0.660,la:0.000:0.039:-0.004,g:0.012:-0.014:0.168,m:-22.563:-82.438:-116.438,grav:9.570:-2.484:-0.688,steps:0,stab:On Table
807.13,q:0.465:-0.568:0.589:0.339,gq:0.465:-0.568:0.589:0.338,a:8.910:-4.336:-0.777,la:0.016:0.008:0.004,g:0.016:-0.016:0.166,m:-18.813:-78.875:-115.313,grav:8.898:-4.320:-0.773,steps:0,stab:On Table
807.86,q:0.440:-0.589:0.606:0.304,gq:0.441:-0.588:0.605:0.306,a:8.871:-4.371:-0.813,la:0.008:0.035:-0.031,g:0.014:-0.016:0.152,m:-14.813:-76.125:-115.063,grav:8.328:-5.344:-0.813,steps:0,stab:On Table
808.50,q:0.384:-0.629:0.636:0.230,gq:0.384:-0.629:0.636:0.230,a:8.250:-5.406:-0.813,la:0.008:-0.016:0.008,g:0.014:-0.016:0.158,m:-14.750:-74.938:-114.250,grav:8.289:-5.406:-0.820,steps:0,stab:On Table
809.14,q:0.355:-0.646:0.648:0.193,gq:0.381:-0.630:0.637:0.227,a:7.027:-6.977:-0.852,la:0.020:-0.004:0.008,g:0.014:-0.018:0.158,m:-5.563:-67.750:-112.750,grav:7.680:-6.250:-0.828,steps:0,stab:On Table
809.77,q:0.352:-0.647:0.649:0.189,gq:0.352:-0.647:0.650:0.189,a:6.227:-7.664:-0.813,la:-0.055:-0.012:0.008,g:0.012:-0.016:0.166,m:-2.063:-71.000:-112.563,grav:6.305:-7.641:-0.820,steps:0,stab:On Table
810.40,q:0.321:-0.662:0.660:0.150,gq:0.323:-0.661:0.659:0.153,a:5.422:-8.242:-0.813,la:0.016:0.012:-0.008,g:0.010:-0.014:0.164,m:-0.938:-68.438:-114.688,grav:5.445:-8.266:-0.813,steps:0,stab:On Table
811.14,q:0.256:-0.688:0.676:0.070,gq:0.291:-0.675:0.668:0.113,a:5.422:-8.281:-0.813,la:-0.035:0.004:0.012,g:0.016:-0.016:0.154,m:3.375:-69.000:-113.500,grav:5.383:-8.305:-0.813,steps:0,stab:On Table
811.77,q:0.253:-0.689:0.676:0.067,gq:0.253:-0.689:0.676:0.067,a:4.270:-8.855:-0.738,la:0.000:0.027:0.004,g:0.016:-0.018:0.164,m:13.750:-71.688:-113.875,grav:4.375:-8.875:-0.750,steps:0,stab:On Table
812.41,q:0.222:-0.698:0.681:0.030,gq:0.221:-0.698:0.681:0.029,a:3.352:-9.313:-0.660,la:0.000:-0.020:0.043,g:0.018:-0.016:0.178,m:11.125:-73.813:-115.688,grav:2.414:-9.578:-0.633,steps:0,stab:On Table
813.05,q:-0.186:0.705:-0.684:0.012,gq:-0.153:0.711:-0.685:0.050,a:1.281:-9.699:-0.547,la:-0.055:0.023:-0.016,g:0.016:-0.004:0.180,m:16.500:-73.813:-118.688,grav:1.359:-9.766:-0.563,steps:0,stab:On Table
813.69,q:-0.117:0.715:-0.684:0.091,gq:-0.149:0.711:-0.685:0.054,a:0.285:-9.855:-0.469,la:0.051:-0.008:0.016,g:0.014:-0.008:0.180,m:22.125:-74.688:-117.875,grav:1.258:-9.766:-0.555,steps:0,stab:On Table
814.43,q:-0.114:0.715:-0.684:0.094,gq:-0.113:0.715:-0.684:0.095,a:0.211:-9.773:-0.469,la:-0.465:0.004:0.012,g:0.018:-0.025:0.193,m:27.313:-81.313:-118.563,grav:-1.422:-9.711:-0.328,steps:0,stab:On Table
815.06,q:-0.049:0.716:-0.676:0.170,gq:-0.053:0.716:-0.676:0.166,a:-2.355:-9.539:-0.238,la:-0.523:0.137:0.074,g:0.025:-0.010:0.260,m:30.188:-90.938:-122.313,grav:-2.797:-9.438:-0.211,steps:0,stab:On Table
815.70,q:-0.013:0.714:-0.668:0.209,gq:0.007:0.711:-0.664:0.233,a:-3.391:-9.117:-0.125,la:0.488:-0.125:-0.008,g:0.010:-0.037:0.135,m:32.125:-85.563:-122.750,grav:-3.492:-9.148:-0.102,steps:0,stab:On Table
816.34,q:0.051:0.705:-0.651:0.275,gq:0.051:0.705:-0.651:0.276,a:-4.500:-8.707:0.027,la:0.000:0.023:0.020,g:0.000:-0.037:0.113,m:33.688:-93.188:-124.375,grav:-3.555:-9.117:-0.094,steps:0,stab:On Table
816.97,q:0.052:0.705:-0.651:0.278,gq:0.053:0.705:-0.650:0.279,a:-4.465:-8.625:0.027,la:-0.168:0.168:0.020,g:-0.002:-0.037:0.129,m:35.688:-96.563:-125.313,grav:-4.617:-8.602:0.031,steps:0,stab:On Table
817.70,q:0.092:0.696:-0.638:0.317,gq:0.090:0.696:-0.639:0.315,a:-6.418:-7.285:0.297,la:-0.121:0.027:0.004,g:0.023:-0.004:0.170,m:36.438:-96.625:-126.563,grav:-6.242:-7.453:0.250,steps:0,stab:On Table
818.34,q:0.159:0.675:-0.608:0.387,gq:0.159:0.675:-0.608:0.388,a:-6.914:-6.785:0.336,la:0.055:-0.105:0.023,g:0.023:-0.008:0.168,m:36.938:-100.938:-129.188,grav:-6.328:-7.383:0.266,steps:0,stab:On Table
818.97,q:0.192:0.662:-0.590:0.421,gq:0.162:0.674:-0.606:0.390,a:-7.527:-6.020:0.488,la:0.066:-0.012:0.027,g:0.025:-0.010:0.176,m:36.250:-110.125:-130.938,grav:-7.008:-6.703:0.375,steps:0,stab:On Table
819.65,q:0.195:0.660:-0.589:0.423,gq:0.225:0.647:-0.571:0.453,a:-7.602:-6.020:0.488,la:0.035:-0.066:0.004,g:0.021:-0.016:0.162,m:36.438:-114.063:-133.563,grav:-8.188:-5.141:0.578,steps:0,stab:On Table
820.29,q:0.228:0.646:-0.570:0.455,gq:0.258:0.629:-0.551:0.484,a:-8.633:-4.258:0.680,la:0.063:-0.023:-0.027,g:0.010:-0.020:0.148,m:35.313:-116.063:-135.313,grav:-8.656:-4.234:0.711,steps:0,stab:On Table
821.03,q:0.295:0.608:-0.525:0.517,gq:0.261:0.628:-0.549:0.486,a:-8.672:-4.180:0.680,la:0.047:-0.020:0.012,g:0.012:-0.016:0.152,m:34.938:-125.250:-137.875,grav:-8.695:-4.164:0.719,steps:0,stab:On Table
821.66,q:0.297:0.607:-0.523:0.519,gq:0.298:0.606:-0.523:0.520,a:-9.137:-3.109:0.793,la:0.000:0.070:-0.004,g:0.010:-0.018:0.164,m:33.750:-129.438:-136.938,grav:-9.328:-2.281:0.906,steps:0,stab:On Table
822.29,q:0.328:0.586:-0.500:0.547,gq:0.326:0.587:-0.502:0.545,a:-9.367:-2.227:0.910,la:-0.063:-0.047:-0.012,g:0.012:-0.014:0.129,m:33.000:-129.188:-138.938,grav:-9.508:-1.313:1.008,steps:0,stab:On Table
822.93,q:0.381:0.545:-0.454:0.593,gq:0.356:0.566:-0.477:0.571,a:-9.477:-1.348:0.984,la:-0.035:0.047:0.000,g:0.012:-0.016:0.131,m:28.750:-138.188:-141.625,grav:-9.508:-1.258:1.016,steps:0,stab:On Table
823.57,q:0.383:0.543:-0.452:0.595,gq:0.384:0.543:-0.451:0.595,a:-9.516:0.605:1.176,la:-0.012:-0.016:-0.031,g:0.004:-0.018:0.143,m:26.875:-140.500:-141.375,grav:-9.563:-0.273:1.109,steps:0,stab:On Table
824.20,q:0.410:0.519:-0.425:0.617,gq:0.409:0.520:-0.427:0.616,a:-9.406:1.566:1.254,la:0.012:0.012:-0.012,g:0.016:-0.014:0.152,m:22.813:-144.375:-141.313,grav:-9.438:1.461:1.250,steps:0,stab:On Table
824.93,q:0.461:0.467:-0.370:0.658,gq:0.462:0.466:-0.370:0.658,a:-9.215:2.563:1.332,la:0.000:0.023:-0.035,g:0.016:-0.014:0.152,m:23.500:-144.500:-143.625,grav:-9.414:1.539:1.258,steps:0,stab:On Table
825.58,q:0.485:0.439:-0.341:0.675,gq:0.464:0.464:-0.368:0.659,a:-9.098:2.598:1.293,la:0.016:-0.012:0.008,g:0.012:-0.016:0.150,m:16.563:-148.938:-144.875,grav:-9.164:2.641:1.320,steps:0,stab:On Table
826.22,q:0.487:0.437:-0.339:0.676,gq:0.487:0.437:-0.339:0.676,a:-8.445:4.285:1.367,la:0.008:-0.020:0.000,g:0.018:-0.014:0.152,m:12.938:-151.875:-142.688,grav:-8.508:4.273:1.406,steps:0,stab:On Table
826.85,q:0.509:0.408:-0.309:0.692,gq:0.527:0.383:-0.283:0.704,a:-8.023:5.129:1.445,la:0.043:-0.035:0.000,g:0.012:-0.012:0.127,m:11.000:-154.438:-146.125,grav:-8.039:5.078:1.430,steps:0,stab:On Table
827.49,q:0.547:0.353:-0.253:0.716,gq:0.547:0.353:-0.252:0.716,a:-7.484:5.855:1.406,la:-0.004:0.031:0.000,g:0.014:-0.012:0.150,m:9.125:-156.063:-146.625,grav:-7.484:5.859:1.445,steps:0,stab:On Table
828.22,q:0.568:0.318:-0.217:0.728,gq:0.549:0.350:-0.250:0.717,a:-7.488:5.816:1.445,la:-0.035:-0.043:0.016,g:0.010:-0.008:0.148,m:1.188:-157.125:-147.688,grav:-7.453:5.914:1.453,steps:0,stab:On Table
828.86,q:0.569:0.315:-0.214:0.729,gq:0.569:0.315:-0.214:0.729,a:-6.188:7.313:1.445,la:-0.039:0.070:-0.016,g:0.010:-0.010:0.150,m:-1.000:-158.563:-145.000,grav:-6.172:7.227:1.461,steps:0,stab:On Table
829.49,q:0.585:0.284:-0.184:0.737,gq:0.584:0.286:-0.186:0.736,a:-6.109:7.313:1.484,la:-0.016:0.016:0.023,g:0.014:-0.016:0.133,m:-2.438:-157.188:-147.313,grav:-5.445:7.805:1.461,steps:0,stab:On Table
830.13,q:0.612:0.224:-0.125:0.748,gq:0.599:0.254:-0.154:0.743,a:-4.656:8.309:1.445,la:-0.027:-0.004:-0.023,g:0.012:-0.023:0.156,m:-8.938:-159.563:-145.563,grav:-5.398:7.828:1.461,steps:0,stab:On Table
830.76,q:0.613:0.221:-0.123:0.748,gq:0.613:0.221:-0.122:0.748,a:-3.887:8.613:1.367,la:0.020:-0.066:-0.039,g:0.008:-0.016:0.137,m:-12.188:-158.938:-145.625,grav:-3.930:8.672:1.406,steps:0,stab:On Table
831.49,q:0.625:0.190:-0.092:0.752,gq:0.624:0.192:-0.094:0.751,a:-3.926:8.648:1.406,la:-0.066:-0.059:0.000,g:0.008:-0.008:0.123,m:-15.313:-157.438:-144.438,grav:-3.000:9.047:1.359,steps:0,stab:On Table
832.13,q:0.644:0.129:-0.031:0.753,gq:0.644:0.128:-0.030:0.753,a:-3.082:9.113:1.367,la:0.055:0.059:0.012,g:0.016:-0.014:0.145,m:-16.375:-157.500:-144.375,grav:-2.180:9.289:1.320,steps:0,stab:On Table
832.82,q:0.653:0.091:0.004:0.752,gq:0.645:0.125:-0.027:0.753,a:-1.094:9.457:1.215,la:0.156:-0.020:-0.035,g:0.016:-0.023:0.168,m:-21.688:-155.750:-144.438,grav:-2.102:9.313:1.313,steps:0,stab:On Table
833.46,q:0.654:0.088:0.007:0.752,gq:0.654:0.087:0.007:0.751,a:-1.285:9.570:1.293,la:0.020:0.047:-0.027,g:0.014:-0.016:0.168,m:-25.563:-153.813:-141.563,grav:-0.414:9.555:1.203,steps:0,stab:On Table
834.09,q:0.660:0.057:0.037:0.748,gq:0.659:0.058:0.035:0.749,a:0.059:9.574:1.141,la:-0.145:0.047:0.027,g:0.004:-0.006:0.008,m:-25.125:-151.875:-141.063,grav:-0.219:9.516:1.156,steps:0,stab:On Table
834.82,q:0.660:0.054:0.041:0.748,gq:0.660:0.053:0.041:0.748,a:-0.289:9.574:1.176,la:-0.223:0.125:0.098,g:0.004:-0.004:0.010,m:-25.188:-153.188:-143.500,grav:-0.227:9.523:1.156,steps:0,stab:On Table
835.45,q:0.660:0.053:0.041:0.748,gq:0.660:0.053:0.041:0.748,a:-0.250:9.574:1.176,la:0.008:0.008:-0.004,g:0.000:-0.008:0.016,m:-25.938:-153.125:-141.938,grav:-0.258:9.563:1.180,steps:0,stab:On Table
836.08,q:0.660:0.054:0.041:0.748,gq:0.660:0.054:0.041:0.748,a:-0.250:9.574:1.176,la:0.055:0.008:-0.004,g:-0.002:0.002:-0.004,m:-25.938:-153.250:-143.875,grav:-0.258:9.570:1.180,steps:0,stab:On Table
836.72,q:0.660:0.053:0.041:0.748,gq:0.660:0.054:0.041:0.748,a:-0.250:9.574:1.176,la:0.008:0.000:-0.004,g:0.004:-0.006:-0.004,m:-24.500:-153.563:-143.500,grav:-0.250:9.570:1.180,steps:0,stab:On Table
837.35,q:0.660:0.053:0.041:0.748,gq:0.660:0.053:0.041:0.748,a:-0.250:9.574:1.176,la:-0.023:0.000:-0.004,g:0.002:0.002:0.000,m:-25.875:-153.063:-141.125,grav:-0.266:9.570:1.180,steps:0,stab:On Table
838.08,q:0.660:0.054:0.041:0.748,gq:0.660:0.054:0.041:0.748,a:-0.250:9.574:1.176,la:0.008:0.000:-0.004,g:0.000:0.000:-0.004,m:-26.313:-153.188:-143.125,grav:-0.250:9.570:1.180,steps:0,stab:On Table
838.72,q:0.660:0.054:0.041:0.748,gq:0.660:0.054:0.041:0.748,a:-0.250:9.574:1.176,la:0.000:0.000:-0.004,g:-0.002:0.002:-0.006,m:-26.313:-153.625:-143.938,grav:-0.250:9.570:1.180,steps:0,stab:On Table
839.36,q:0.660:0.054:0.041:0.748,gq:0.660:0.054:0.041:0.748,a:-0.250:9.574:1.176,la:0.000:0.000:-0.012,g:0.002:0.004:-0.002,m:-25.938:-154.625:-142.438,grav:-0.250:9.570:1.188,steps:0,stab:On Table
839.99,q:0.660:0.054:0.041:0.748,gq:0.660:0.054:0.041:0.748,a:-0.250:9.574:1.176,la:0.000:0.000:-0.012,g:-0.002:-0.004:0.000,m:-24.438:-153.063:-141.875,grav:-0.258:9.570:1.180,steps:0,stab:On Table
840.62,q:0.660:0.054:0.041:0.748,gq:0.660:0.054:0.041:0.748,a:-0.250:9.574:1.176,la:0.008:0.000:-0.004,g:0.002:-0.002:0.002,m:-25.625:-153.938:-143.563,grav:-0.258:9.570:1.180,steps:0,stab:On Table
841.36,q:0.658:0.067:0.028:0.750,gq:0.658:0.067:0.027:0.750,a:-0.324:9.375:1.063,la:-0.469:0.254:0.121,g:-0.004:0.018:-0.176,m:-23.500:-155.438:-144.000,grav:-0.258:9.570:1.180,steps:0,stab:On Table
842.00,q:0.657:0.070:0.025:0.750,gq:0.657:0.071:0.024:0.750,a:-1.398:9.336:1.215,la:0.109:-0.074:-0.066,g:-0.023:0.010:-0.182,m:-20.313:-156.813:-144.000,grav:-0.734:9.500:1.219,steps:0,stab:On Table
842.63,q:0.650:0.104:-0.007:0.753,gq:0.651:0.102:-0.005:0.753,a:-2.355:9.270:1.293,la:-0.043:0.012:0.012,g:-0.010:0.012:-0.135,m:-18.813:-156.688:-142.813,grav:-2.250:9.266:1.320,steps:0,stab:On Table
843.27,q:0.644:0.129:-0.032:0.753,gq:0.636:0.158:-0.061:0.753,a:-3.008:8.953:1.332,la:-0.051:0.016:0.004,g:-0.008:0.018:-0.148,m:-17.125:-158.375:-145.625,grav:-2.313:9.250:1.328,steps:0,stab:On Table
843.91,q:0.625:0.191:-0.092:0.751,gq:0.635:0.161:-0.064:0.753,a:-3.199:8.953:1.367,la:-0.105:-0.152:0.008,g:-0.014:0.014:-0.148,m:-12.250:-160.188:-147.750,grav:-3.180:8.984:1.367,steps:0,stab:On Table
844.64,q:0.624:0.194:-0.095:0.751,gq:0.624:0.194:-0.095:0.751,a:-5.039:8.148:1.484,la:-0.195:-0.035:0.047,g:-0.010:0.014:-0.143,m:-8.625:-161.375:-144.500,grav:-4.828:8.203:1.438,steps:0,stab:On Table
845.27,q:0.610:0.231:-0.131:0.747,gq:0.611:0.229:-0.129:0.747,a:-5.652:7.660:1.445,la:-0.172:-0.164:-0.031,g:-0.008:0.014:-0.145,m:-5.000:-159.500:-146.688,grav:-5.633:7.656:1.453,steps:0,stab:On Table
845.91,q:0.582:0.293:-0.192:0.734,gq:0.581:0.294:-0.192:0.734,a:-6.340:7.121:1.445,la:0.020:0.063:0.016,g:-0.010:0.018:-0.139,m:-4.313:-160.250:-146.750,grav:-5.695:7.602:1.453,steps:0,stab:On Table
846.60,q:0.580:0.296:-0.194:0.734,gq:0.580:0.296:-0.194:0.733,a:-6.379:7.004:1.445,la:-0.004:-0.059:-0.023,g:-0.016:0.014:-0.145,m:3.313:-157.688:-146.063,grav:-6.992:6.430:1.461,steps:0,stab:On Table
847.23,q:0.562:0.329:-0.227:0.724,gq:0.563:0.327:-0.226:0.724,a:-7.641:5.664:1.445,la:0.023:0.016:0.016,g:-0.014:0.012:-0.131,m:6.563:-156.938:-147.563,grav:-7.586:5.727:1.438,steps:0,stab:On Table
847.86,q:0.545:0.358:-0.256:0.714,gq:0.527:0.386:-0.284:0.702,a:-8.141:5.012:1.445,la:0.000:0.023:0.008,g:-0.012:0.012:-0.143,m:5.938:-154.750:-148.188,grav:-7.625:5.664:1.438,steps:0,stab:On Table
848.60,q:0.526:0.388:-0.286:0.701,gq:0.526:0.388:-0.286:0.701,a:-8.637:4.055:1.445,la:-0.090:-0.102:0.047,g:-0.010:0.014:-0.150,m:14.250:-153.938:-145.625,grav:-8.133:4.906:1.422,steps:0,stab:On Table
849.22,q:0.505:0.416:-0.316:0.687,gq:0.506:0.414:-0.314:0.688,a:-8.605:4.016:1.406,la:-0.016:-0.063:0.008,g:-0.014:0.021:-0.164,m:17.188:-150.125:-146.938,grav:-8.859:3.508:1.367,steps:0,stab:On Table
849.86,q:0.462:0.469:-0.369:0.656,gq:0.462:0.469:-0.370:0.656,a:-9.250:2.406:1.332,la:-0.031:-0.156:0.008,g:-0.014:0.016:-0.123,m:17.500:-150.438:-145.750,grav:-8.891:3.414:1.352,steps:0,stab:On Table
850.50,q:0.439:0.493:-0.395:0.639,gq:0.460:0.471:-0.372:0.655,a:-9.406:1.449:1.254,la:-0.074:-0.098:0.020,g:-0.018:0.018:-0.150,m:23.063:-146.063:-144.500,grav:-9.242:2.328:1.297,steps:0,stab:On Table
851.15,q:0.437:0.495:-0.397:0.637,gq:0.437:0.495:-0.398:0.637,a:-9.520:0.531:1.176,la:0.004:-0.211:-0.012,g:-0.006:0.016:-0.119,m:25.688:-142.563:-144.250,grav:-9.430:1.422:1.227,steps:0,stab:On Table
851.88,q:0.412:0.519:-0.424:0.617,gq:0.411:0.520:-0.424:0.617,a:-9.633:0.414:1.141,la:0.012:-0.180:-0.031,g:-0.014:0.016:-0.152,m:29.500:-135.938:-143.000,grav:-9.563:-0.484:1.063,steps:0,stab:On Table
852.51,q:0.381:0.547:-0.453:0.592,gq:0.356:0.568:-0.476:0.569,a:-9.516:-0.582:1.063,la:-0.027:-0.258:-0.031,g:-0.018:0.014:-0.168,m:28.438:-136.375:-142.688,grav:-9.477:-1.406:0.969,steps:0,stab:On Table
853.15,q:0.330:0.588:-0.498:0.545,gq:0.329:0.588:-0.498:0.545,a:-9.289:-2.418:0.871,la:0.016:-0.023:-0.035,g:-0.018:0.018:-0.148,m:31.625:-128.500:-139.313,grav:-9.469:-1.484:0.961,steps:0,stab:On Table
853.80,q:0.327:0.590:-0.500:0.543,gq:0.327:0.590:-0.500:0.543,a:-9.098:-3.109:0.758,la:-0.012:0.008:-0.023,g:-0.020:0.018:-0.162,m:33.125:-125.813:-139.125,grav:-9.313:-2.398:0.852,steps:0,stab:On Table
854.44,q:0.300:0.609:-0.521:0.518,gq:0.299:0.609:-0.522:0.517,a:-8.672:-3.875:0.488,la:-0.125:0.148:0.168,g:-0.008:0.014:-0.129,m:34.000:-122.500:-134.938,grav:-8.828:-3.859:0.680,steps:0,stab:On Table
855.16,q:0.277:0.624:-0.539:0.494,gq:0.278:0.623:-0.538:0.495,a:-8.676:-4.793:1.141,la:0.082:-0.516:-0.008,g:0.037:0.127:-0.006,m:34.375:-121.063:-136.438,grav:-8.750:-4.008:0.734,steps:0,stab:On Table
855.80,q:0.265:0.629:-0.549:0.483,gq:0.272:0.623:-0.545:0.491,a:-8.449:-3.684:-0.047,la:0.156:-0.168:0.055,g:0.063:0.160:0.008,m:34.750:-121.063:-136.813,grav:-8.742:-4.023:0.750,steps:0,stab:On Table
856.44,q:0.266:0.629:-0.550:0.481,gq:0.265:0.629:-0.550:0.481,a:-8.141:-4.145:-0.047,la:0.320:0.441:-0.695,g:0.043:0.102:-0.080,m:33.813:-118.188:-133.063,grav:-8.625:-4.273:0.641,steps:0,stab:On Table
857.07,q:0.250:0.635:-0.559:0.471,gq:0.251:0.635:-0.559:0.471,a:-7.801:-5.906:0.488,la:-0.340:-0.684:0.492,g:0.000:0.033:-0.076,m:35.438:-111.500:-134.188,grav:-7.813:-5.633:0.508,steps:0,stab:On Table
857.70,q:0.204:0.657:-0.581:0.435,gq:0.184:0.669:-0.592:0.409,a:-7.871:-5.789:0.410,la:-0.113:0.066:-0.109,g:-0.023:0.004:-0.129,m:35.813:-111.500:-134.188,grav:-7.773:-5.688:0.484,steps:0,stab:On Table
858.45,q:0.145:0.683:-0.612:0.371,gq:0.182:0.670:-0.593:0.408,a:-6.379:-7.281:0.219,la:0.145:-0.098:-0.109,g:-0.016:0.006:-0.125,m:35.500:-100.688:-130.313,grav:-7.305:-6.391:0.336,steps:0,stab:On Table
859.08,q:0.143:0.684:-0.613:0.369,gq:0.142:0.684:-0.614:0.369,a:-5.766:-7.863:0.145,la:0.016:-0.031:0.012,g:-0.012:0.006:-0.137,m:34.938:-97.563:-128.188,grav:-6.477:-7.219:0.273,steps:0,stab:On Table
859.76,q:0.105:0.695:-0.629:0.331,gq:0.074:0.703:-0.642:0.297,a:-4.922:-8.395:0.027,la:-0.016:-0.082:-0.012,g:-0.018:0.016:-0.166,m:34.250:-96.125:-128.875,grav:-5.016:-8.367:0.016,steps:0,stab:On Table
860.40,q:0.037:0.710:-0.654:0.259,gq:0.036:0.710:-0.654:0.258,a:-4.004:-8.813:-0.086,la:0.004:-0.031:0.023,g:-0.014:0.010:-0.166,m:33.313:-91.875:-127.438,grav:-4.930:-8.422:0.008,steps:0,stab:On Table
861.04,q:-0.003:0.715:-0.663:0.220,gq:0.033:0.711:-0.655:0.255,a:-3.926:-8.973:-0.125,la:0.145:-0.031:0.039,g:-0.014:0.014:-0.176,m:28.875:-85.750:-123.563,grav:-3.883:-8.953:-0.125,steps:0,stab:On Table
861.78,q:-0.006:0.716:-0.664:0.217,gq:-0.007:0.716:-0.664:0.216,a:-1.590:-9.695:-0.355,la:0.086:-0.066:0.012,g:-0.010:0.018:-0.164,m:26.938:-81.063:-120.563,grav:-2.828:-9.359:-0.250,steps:0,stab:On Table
862.42,q:-0.046:0.719:-0.672:0.172,gq:-0.081:0.719:-0.677:0.134,a:-0.672:-9.816:-0.430,la:0.027:0.035:0.020,g:-0.014:0.010:-0.150,m:23.063:-78.188:-119.313,grav:-0.727:-9.789:-0.453,steps:0,stab:On Table
863.04,q:-0.084:0.719:-0.678:0.131,gq:-0.113:0.717:-0.681:0.098,a:0.211:-9.773:-0.586,la:0.016:0.023:-0.008,g:-0.008:0.029:-0.156,m:24.875:-77.438:-120.375,grav:-0.641:-9.797:-0.461,steps:0,stab:On Table
863.68,q:-0.115:0.717:-0.681:0.096,gq:-0.116:0.717:-0.681:0.095,a:1.246:-9.816:-0.621,la:0.129:-0.031:-0.020,g:-0.020:0.025:-0.178,m:18.688:-72.125:-117.375,grav:1.063:-9.789:-0.602,steps:0,stab:On Table
864.31,q:-0.153:0.713:-0.683:0.053,gq:-0.150:0.713:-0.682:0.055,a:1.246:-9.699:-0.621,la:0.012:0.074:-0.012,g:-0.010:0.010:-0.178,m:17.188:-73.438:-119.438,grav:2.531:-9.523:-0.688,steps:0,stab:On Table
865.04,q:-0.195:0.705:-0.682:0.009,gq:0.226:-0.697:0.679:0.032,a:2.625:-9.539:-0.699,la:0.008:-0.023:-0.004,g:-0.012:0.008:-0.148,m:14.438:-72.188:-115.500,grav:2.617:-9.492:-0.695,steps:0,stab:On Table
865.67,q:0.228:-0.697:0.679:0.034,gq:0.229:-0.697:0.679:0.035,a:3.734:-9.156:-0.813,la:0.098:0.055:-0.063,g:-0.010:0.004:-0.160,m:4.875:-68.813:-111.438,grav:4.523:-8.781:-0.789,steps:0,stab:On Table
866.30,q:0.264:-0.686:0.674:0.076,gq:0.261:-0.687:0.674:0.074,a:4.730:-8.734:-0.699,la:-0.070:-0.035:-0.094,g:-0.037:0.055:-0.252,m:4.875:-68.813:-111.438,grav:5.398:-8.289:-0.813,steps:0,stab:On Table
866.94,q:0.340:-0.652:0.656:0.168,gq:0.297:-0.673:0.667:0.120,a:5.496:-8.129:-0.852,la:0.344:0.082:-0.188,g:0.002:0.006:-0.211,m:-6.000:-69.438:-115.625,grav:5.539:-8.195:-0.820,steps:0,stab:On Table
867.58,q:0.377:-0.632:0.642:0.217,gq:0.344:-0.650:0.655:0.173,a:7.602:-6.363:-0.813,la:-0.020:-0.027:0.063,g:-0.033:0.031:-0.195,m:-9.688:-72.875:-114.313,grav:6.789:-7.234:-0.828,steps:0,stab:On Table
868.32,q:0.379:-0.630:0.640:0.220,gq:0.380:-0.630:0.640:0.221,a:7.602:-6.250:-0.813,la:0.027:0.125:0.055,g:-0.025:0.021:-0.186,m:-14.688:-74.875:-113.000,grav:8.156:-5.547:-0.805,steps:0,stab:On Table
868.95,q:0.437:-0.590:0.611:0.297,gq:0.437:-0.589:0.611:0.297,a:8.332:-5.445:-0.852,la:0.051:0.055:-0.047,g:-0.018:0.018:-0.168,m:-15.438:-73.813:-114.563,grav:8.828:-4.438:-0.781,steps:0,stab:On Table
869.59,q:0.459:-0.571:0.596:0.328,gq:0.460:-0.571:0.596:0.329,a:9.215:-3.492:-0.738,la:0.055:0.188:0.004,g:-0.014:0.014:-0.133,m:-23.188:-79.375:-115.063,grav:9.180:-3.656:-0.742,steps:0,stab:On Table
870.24,q:0.486:-0.546:0.577:0.366,gq:0.461:-0.569:0.594:0.331,a:9.555:-2.535:-0.699,la:-0.012:0.023:-0.027,g:-0.010:0.018:-0.170,m:-25.375:-81.000:-116.375,grav:9.219:-3.555:-0.734,steps:0,stab:On Table
870.87,q:0.488:-0.544:0.575:0.368,gq:0.488:-0.544:0.575:0.369,a:9.555:-2.496:-0.699,la:0.008:0.027:0.004,g:-0.012:0.020:-0.152,m:-29.500:-85.875:-114.000,grav:9.734:-1.680:-0.633,steps:0,stab:On Table
871.60,q:0.511:-0.519:0.555:0.401,gq:0.509:-0.521:0.557:0.399,a:9.750:-1.578:-0.621,la:0.000:0.023:-0.004,g:-0.010:0.014:-0.160,m:-29.250:-88.063:-118.063,grav:9.852:-0.633:-0.555,steps:0,stab:On Table
872.24,q:0.553:-0.466:0.511:0.465,gq:0.553:-0.465:0.511:0.466,a:9.859:0.492:-0.469,la:0.004:0.000:0.016,g:-0.012:0.018:-0.152,m:-32.375:-95.063:-120.563,grav:9.852:0.500:-0.445,steps:0,stab:On Table
872.88,q:0.571:-0.438:0.488:0.494,gq:0.555:-0.463:0.509:0.468,a:9.754:1.449:-0.355,la:-0.039:-0.027:-0.035,g:-0.018:0.014:-0.146,m:-35.688:-96.375:-121.500,grav:9.852:0.578:-0.430,steps:0,stab:On Table
873.56,q:0.572:-0.436:0.486:0.496,gq:0.573:-0.435:0.486:0.496,a:9.520:2.484:-0.238,la:0.004:0.031:0.027,g:-0.018:0.014:-0.143,m:-38.625:-99.438:-120.563,grav:9.531:2.430:-0.273,steps:0,stab:On Table
874.20,q:0.591:-0.403:0.458:0.527,gq:0.590:-0.405:0.460:0.526,a:9.211:3.328:-0.164,la:-0.020:0.000:0.020,g:-0.010:0.012:-0.164,m:-38.688:-99.625:-123.313,grav:9.227:3.359:-0.164,steps:0,stab:On Table
874.94,q:0.620:-0.341:0.405:0.579,gq:0.621:-0.340:0.404:0.579,a:9.211:3.402:-0.164,la:0.004:-0.043:0.000,g:-0.016:0.018:-0.154,m:-38.500:-104.563:-124.438,grav:9.195:3.438:-0.156,steps:0,stab:On Table
875.58,q:0.632:-0.309:0.377:0.602,gq:0.632:-0.309:0.377:0.602,a:8.289:5.203:0.066,la:0.020:0.000:-0.004,g:-0.018:0.018:-0.152,m:-41.375:-115.375:-125.938,grav:8.734:4.438:-0.023,steps:0,stab:On Table
876.22,q:0.633:-0.307:0.375:0.604,gq:0.633:-0.306:0.374:0.604,a:7.719:5.934:0.180,la:-0.047:-0.004:0.000,g:-0.014:0.016:-0.154,m:-41.563:-120.375:-128.625,grav:8.250:5.266:0.086,steps:0,stab:On Table
876.85,q:0.643:-0.275:0.346:0.625,gq:0.643:-0.277:0.348:0.624,a:7.758:5.969:0.180,la:0.047:-0.023:-0.008,g:-0.014:0.020:-0.156,m:-41.750:-123.188:-131.188,grav:7.164:6.609:0.289,steps:0,stab:On Table
877.48,q:0.651:-0.245:0.320:0.643,gq:0.658:-0.214:0.292:0.660,a:7.102:6.660:0.297,la:0.004:-0.020:0.039,g:-0.014:0.010:-0.135,m:-41.750:-124.625:-130.125,grav:7.117:6.656:0.297,steps:0,stab:On Table
878.21,q:0.658:-0.213:0.290:0.661,gq:0.658:-0.212:0.290:0.662,a:6.492:7.316:0.410,la:-0.023:0.039:0.012,g:-0.018:0.018:-0.143,m:-40.938:-130.813:-133.313,grav:6.438:7.305:0.414,steps:0,stab:On Table
878.84,q:0.664:-0.175:0.256:0.680,gq:0.664:-0.177:0.258:0.679,a:5.613:7.965:0.527,la:0.031:-0.035:0.043,g:-0.012:0.018:-0.150,m:-40.938:-130.813:-133.313,grav:4.922:8.344:0.625,steps:0,stab:On Table
879.48,q:0.670:-0.118:0.203:0.705,gq:0.668:-0.144:0.227:0.694,a:4.844:8.422:0.680,la:-0.102:0.117:0.031,g:-0.012:0.016:-0.164,m:-35.438:-138.000:-136.438,grav:4.867:8.375:0.633,steps:0,stab:On Table
880.11,q:0.670:-0.115:0.200:0.706,gq:0.670:-0.115:0.200:0.706,a:4.117:8.688:0.719,la:0.055:0.008:-0.016,g:-0.008:0.016:-0.145,m:-35.500:-140.313:-136.938,grav:4.063:8.781:0.734,steps:0,stab:On Table
880.75,q:0.671:-0.080:0.168:0.718,gq:0.671:-0.082:0.169:0.717,a:2.434:9.340:0.949,la:0.023:-0.098:0.027,g:-0.012:0.014:-0.143,m:-32.500:-146.688:-137.688,grav:2.539:9.297:0.914,steps:0,stab:On Table
881.48,q:0.671:-0.052:0.141:0.726,gq:0.669:-0.013:0.105:0.736,a:1.438:9.574:1.023,la:-0.059:0.004:0.027,g:-0.014:0.008:-0.137,m:-32.125:-146.750:-138.875,grav:1.461:9.492:1.016,steps:0,stab:On Table
882.12,q:0.668:-0.001:0.094:0.738,gq:0.668:-0.011:0.102:0.737,a:1.438:9.535:1.063,la:-0.086:0.055:0.063,g:-0.012:0.008:-0.135,m:-28.688:-150.875:-141.438,grav:1.391:9.508:1.031,steps:0,stab:On Table
882.75,q:0.668:0.000:0.093:0.738,gq:0.668:-0.001:0.094:0.738,a:1.281:9.188:0.984,la:0.180:-0.375:-0.063,g:0.000:-0.012:-0.010,m:-30.813:-149.063:-140.188,grav:1.070:9.547:1.063,steps:0,stab:On Table
883.39,q:0.667:0.002:0.091:0.739,gq:0.667:0.002:0.091:0.739,a:0.977:9.613:1.063,la:-0.094:0.070:0.000,g:0.002:0.006:0.006,m:-29.750:-149.063:-140.938,grav:1.063:9.547:1.063,steps:0,stab:On Table
884.03,q:0.667:0.004:0.089:0.740,gq:0.667:0.004:0.089:0.740,a:1.090:9.535:1.063,la:0.012:-0.008:-0.008,g:-0.002:-0.006:0.000,m:-29.750:-149.438:-141.375,grav:1.078:9.539:1.070,steps:0,stab:On Table
884.66,q:0.667:0.005:0.088:0.740,gq:0.667:0.004:0.089:0.740,a:1.090:9.535:1.063,la:-0.008:-0.008:0.000,g:0.002:-0.004:-0.002,m:-30.500:-150.938:-140.688,grav:1.086:9.539:1.063,steps:0,stab:On Table
885.40,q:0.667:0.005:0.088:0.740,gq:0.667:0.005:0.088:0.740,a:1.055:9.531:1.063,la:-0.008:-0.008:0.000,g:-0.002:-0.002:-0.002,m:-29.000:-150.125:-139.438,grav:1.070:9.531:1.063,steps:0,stab:On Table
886.03,q:0.667:0.005:0.088:0.740,gq:0.667:0.005:0.088:0.740,a:1.055:9.531:1.063,la:0.020:0.000:0.000,g:0.000:0.000:-0.002,m:-28.688:-150.500:-141.000,grav:1.055:9.531:1.063,steps:0,stab:On Table
886.72,q:0.667:0.005:0.088:0.740,gq:0.667:0.005:0.088:0.740,a:1.055:9.531:1.063,la:0.000:0.000:0.000,g:0.000:-0.004:0.002,m:-29.000:-149.375:-140.938,grav:1.055:9.531:1.063,steps:0,stab:On Table
887.37,q:0.667:0.005:0.088:0.740,gq:0.667:0.005:0.088:0.740,a:1.055:9.531:1.063,la:0.027:0.000:-0.008,g:0.000:0.000:0.002,m:-28.250:-148.813:-138.500,grav:1.063:9.531:1.063,steps:0,stab:On Table
888.00,q:0.667:0.005:0.088:0.740,gq:0.667:0.005:0.088:0.740,a:1.055:9.531:1.063,la:-0.008:0.000:0.000,g:-0.002:0.004:0.000,m:-27.563:-150.688:-138.688,grav:1.063:9.531:1.063,steps:0,stab:On Table
888.74,q:0.667:0.005:0.088:0.740,gq:0.667:0.005:0.088:0.740,a:1.055:9.531:1.063,la:0.000:0.000:0.000,g:0.002:0.002:-0.002,m:-29.000:-149.063:-141.313,grav:1.055:9.531:1.070,steps:0,stab:On Table
889.38,q:0.667:0.002:0.091:0.739,gq:0.667:0.001:0.092:0.739,a:1.590:9.340:0.910,la:-0.324:0.566:0.113,g:0.018:-0.031:0.201,m:-28.000:-151.250:-141.063,grav:1.063:9.531:1.070,steps:0,stab:On Table
890.02,q:0.670:-0.030:0.121:0.732,gq:0.668:-0.001:0.094:0.739,a:2.051:9.418:0.984,la:-0.293:0.242:0.047,g:0.021:-0.014:0.164,m:-30.375:-147.500:-139.688,grav:1.180:9.563:1.055,steps:0,stab:On Table
890.65,q:0.670:-0.033:0.124:0.731,gq:0.670:-0.033:0.124:0.731,a:2.242:9.305:0.910,la:0.043:-0.047:-0.012,g:0.014:-0.014:0.145,m:-32.750:-144.000:-136.750,grav:2.711:9.242:0.883,steps:0,stab:On Table
891.28,q:0.672:-0.061:0.151:0.723,gq:0.672:-0.059:0.149:0.723,a:2.891:9.270:0.910,la:0.086:0.055:-0.004,g:0.020:-0.008:0.145,m:-33.125:-144.188:-139.500,grav:3.602:8.961:0.797,steps:0,stab:On Table
892.02,q:0.670:-0.128:0.212:0.700,gq:0.672:-0.092:0.179:0.713,a:3.813:8.848:0.793,la:0.016:-0.070:0.094,g:0.014:-0.018:0.148,m:-35.875:-139.563:-136.875,grav:3.664:8.938:0.789,steps:0,stab:On Table
892.66,q:0.670:-0.130:0.215:0.699,gq:0.670:-0.131:0.215:0.698,a:5.422:7.965:0.641,la:0.066:0.090:-0.027,g:0.012:-0.018:0.135,m:-39.125:-131.875:-132.875,grav:4.680:8.469:0.648,steps:0,stab:On Table
893.29,q:0.667:-0.166:0.247:0.684,gq:0.666:-0.166:0.247:0.683,a:5.496:8.000:0.488,la:0.051:-0.023:-0.066,g:0.016:-0.010:0.141,m:-40.063:-128.750:-130.375,grav:5.891:7.703:0.492,steps:0,stab:On Table
893.92,q:0.662:-0.196:0.275:0.669,gq:0.662:-0.194:0.273:0.670,a:6.148:7.461:0.488,la:0.219:-0.086:-0.066,g:0.014:-0.012:0.139,m:-39.375:-128.500:-133.125,grav:6.805:6.961:0.352,steps:0,stab:On Table
894.57,q:0.648:-0.260:0.331:0.634,gq:0.656:-0.228:0.303:0.652,a:7.523:6.316:0.180,la:0.090:-0.004:-0.063,g:0.012:-0.016:0.139,m:-40.688:-124.688:-131.688,grav:6.859:6.906:0.344,steps:0,stab:On Table
895.31,q:0.638:-0.297:0.364:0.610,gq:0.648:-0.263:0.334:0.632,a:8.102:5.395:0.145,la:0.008:-0.219:0.035,g:0.018:-0.010:0.119,m:-40.438:-117.000:-129.250,grav:7.508:6.234:0.219,steps:0,stab:On Table
895.94,q:0.637:-0.299:0.366:0.609,gq:0.637:-0.300:0.366:0.608,a:8.145:5.547:0.180,la:0.090:0.078:-0.063,g:0.018:-0.018:0.152,m:-39.813:-111.063:-124.500,grav:8.164:5.406:0.102,steps:0,stab:On Table
896.57,q:0.626:-0.331:0.394:0.586,gq:0.627:-0.329:0.392:0.588,a:8.605:4.629:0.027,la:-0.031:0.027:0.027,g:0.012:-0.008:0.148,m:-39.125:-111.250:-127.625,grav:8.992:3.906:-0.102,steps:0,stab:On Table
897.21,q:0.602:-0.386:0.442:0.542,gq:0.614:-0.359:0.418:0.565,a:9.059:4.016:-0.047,la:0.039:-0.102:0.039,g:0.020:-0.018:0.170,m:-39.563:-103.813:-123.188,grav:9.016:3.836:-0.102,steps:0,stab:On Table
897.85,q:0.601:-0.388:0.444:0.540,gq:0.600:-0.389:0.444:0.539,a:9.598:2.063:-0.203,la:0.086:0.074:-0.020,g:0.012:-0.010:0.148,m:-37.563:-98.750:-122.125,grav:9.367:2.938:-0.219,steps:0,stab:On Table
898.58,q:0.585:-0.418:0.469:0.513,gq:0.586:-0.416:0.467:0.515,a:9.789:0.953:-0.316,la:-0.004:0.070:-0.012,g:0.016:-0.018:0.148,m:-34.625:-97.438:-120.750,grav:9.789:1.070:-0.414,steps:0,stab:On Table
899.22,q:0.567:-0.448:0.494:0.483,gq:0.549:-0.474:0.516:0.456,a:9.789:1.066:-0.469,la:0.027:-0.023:-0.016,g:0.016:-0.018:0.156,m:-34.625:-97.438:-120.750,grav:9.859:0.078:-0.492,steps:0,stab:On Table
899.86,q:0.529:-0.500:0.538:0.426,gq:0.547:-0.477:0.518:0.453,a:9.902:-0.082:-0.430,la:0.035:-0.012:-0.008,g:0.014:-0.018:0.145,m:-30.375:-88.500:-119.313,grav:9.867:0.008:-0.492,steps:0,stab:On Table
900.54,q:0.527:-0.503:0.539:0.423,gq:0.527:-0.503:0.539:0.423,a:9.820:-0.926:-0.586,la:-0.004:-0.035:0.031,g:0.014:-0.018:0.160,m:-26.625:-86.313:-115.563,grav:9.695:-1.867:-0.656,steps:0,stab:On Table
901.17,q:0.504:-0.530:0.561:0.388,gq:0.484:-0.550:0.577:0.360,a:9.477:-2.879:-0.738,la:0.000:-0.098:0.070,g:0.012:-0.018:0.150,m:-26.500:-80.750:-116.813,grav:9.469:-2.852:-0.711,steps:0,stab:On Table
901.91,q:0.456:-0.576:0.598:0.321,gq:0.482:-0.552:0.579:0.357,a:9.441:-2.879:-0.699,la:-0.027:-0.008:0.027,g:0.014:-0.018:0.150,m:-20.188:-75.938:-116.000,grav:9.445:-2.922:-0.719,steps:0,stab:On Table
902.55,q:0.454:-0.578:0.599:0.318,gq:0.453:-0.578:0.599:0.318,a:8.637:-4.871:-0.813,la:-0.004:0.043:-0.023,g:0.010:-0.018:0.160,m:-15.500:-75.750:-115.063,grav:8.648:-4.805:-0.789,steps:0,stab:On Table
903.18,q:0.427:-0.599:0.615:0.282,gq:0.427:-0.600:0.616:0.282,a:8.602:-4.910:-0.777,la:0.016:-0.020:0.000,g:0.016:-0.014:0.162,m:-12.500:-72.875:-112.875,grav:8.102:-5.672:-0.813,steps:0,stab:On Table
903.81,q:0.399:-0.619:0.630:0.246,gq:0.401:-0.618:0.629:0.248,a:8.105:-5.750:-0.813,la:0.023:-0.023:0.000,g:0.014:-0.018:0.154,m:-12.188:-73.813:-116.063,grav:7.461:-6.492:-0.836,steps:0,stab:On Table
904.45,q:0.345:-0.651:0.653:0.176,gq:0.372:-0.636:0.643:0.211,a:7.449:-6.555:-0.813,la:-0.059:0.004:0.016,g:0.016:-0.014:0.166,m:-3.813:-69.688:-114.438,grav:7.406:-6.555:-0.828,steps:0,stab:On Table
905.19,q:0.342:-0.652:0.654:0.173,gq:0.342:-0.652:0.654:0.172,a:6.684:-7.285:-0.852,la:0.004:0.027:0.016,g:0.010:-0.014:0.178,m:1.625:-67.563:-113.438,grav:6.750:-7.250:-0.828,steps:0,stab:On Table
905.82,q:0.306:-0.669:0.665:0.127,gq:0.308:-0.668:0.665:0.129,a:4.883:-8.590:-0.777,la:-0.023:0.012:0.000,g:0.012:-0.014:0.172,m:6.625:-70.063:-113.938,grav:4.930:-8.570:-0.789,steps:0,stab:On Table
906.46,q:0.275:-0.682:0.672:0.089,gq:0.244:-0.692:0.678:0.052,a:4.004:-9.047:-0.699,la:-0.035:0.055:-0.004,g:0.016:-0.020:0.162,m:5.875:-69.750:-115.063,grav:4.000:-9.039:-0.734,steps:0,stab:On Table
907.09,q:0.210:-0.700:0.682:0.012,gq:0.242:-0.692:0.678:0.049,a:3.965:-9.086:-0.738,la:-0.016:0.008:-0.012,g:0.016:-0.016:0.152,m:13.750:-71.063:-115.813,grav:3.930:-9.070:-0.727,steps:0,stab:On Table
907.72,q:0.208:-0.701:0.682:0.009,gq:0.210:-0.701:0.682:0.011,a:3.008:-9.434:-0.660,la:0.063:-0.008:0.020,g:0.016:-0.016:0.174,m:16.563:-72.563:-116.625,grav:2.000:-9.664:-0.625,steps:0,stab:On Table
908.36,q:-0.141:0.712:-0.684:0.068,gq:-0.140:0.712:-0.684:0.068,a:1.934:-9.660:-0.621,la:0.063:-0.047:-0.016,g:0.014:-0.008:0.150,m:16.875:-74.063:-116.750,grav:1.898:-9.672:-0.625,steps:0,stab:On Table
909.10,q:-0.096:0.716:-0.682:0.119,gq:-0.138:0.713:-0.684:0.071,a:-0.402:-9.773:-0.395,la:0.020:0.023:0.027,g:0.025:-0.037:0.236,m:20.688:-74.063:-118.625,grav:0.867:-9.813:-0.523,steps:0,stab:On Table
909.73,q:-0.093:0.716:-0.681:0.124,gq:-0.092:0.716:-0.681:0.125,a:-2.316:-9.656:-0.203,la:-0.230:-0.059:0.047,g:0.018:-0.045:0.262,m:29.688:-85.125:-120.375,grav:-2.039:-9.609:-0.258,steps:0,stab:On Table
910.37,q:-0.033:0.715:-0.673:0.187,gq:-0.035:0.715:-0.673:0.184,a:-3.199:-9.391:-0.164,la:-0.461:-0.035:0.004,g:0.023:0.006:0.203,m:31.125:-84.438:-121.500,grav:-2.969:-9.320:-0.172,steps:0,stab:On Table
911.00,q:0.022:0.709:-0.658:0.250,gq:0.022:0.709:-0.658:0.251,a:-3.313:-9.195:-0.125,la:-0.055:0.039:-0.039,g:0.020:-0.016:0.197,m:33.125:-88.500:-121.750,grav:-3.055:-9.289:-0.156,steps:0,stab:On Table
911.65,q:0.064:0.702:-0.645:0.293,gq:0.026:0.709:-0.657:0.255,a:-4.809:-8.473:0.027,la:0.137:-0.074:-0.035,g:0.014:-0.016:0.160,m:36.188:-92.813:-125.875,grav:-3.953:-8.938:-0.086,steps:0,stab:On Table
912.39,q:0.067:0.702:-0.644:0.297,gq:0.068:0.702:-0.644:0.297,a:-5.844:-7.785:0.180,la:-0.141:0.117:0.031,g:0.018:-0.012:0.176,m:36.750:-96.625:-126.125,grav:-4.977:-8.391:0.070,steps:0,stab:On Table
913.02,q:0.103:0.693:-0.631:0.333,gq:0.101:0.694:-0.632:0.331,a:-6.648:-7.098:0.297,la:-0.070:0.102:0.023,g:0.004:-0.025:0.145,m:37.313:-102.000:-128.375,grav:-6.641:-7.086:0.305,steps:0,stab:On Table
913.70,q:0.172:0.670:-0.600:0.401,gq:0.172:0.670:-0.600:0.402,a:-7.414:-6.289:0.410,la:-0.070:0.141:0.004,g:0.006:-0.020:0.156,m:38.000:-102.313:-127.625,grav:-6.688:-7.039:0.313,steps:0,stab:On Table
914.33,q:0.208:0.655:-0.581:0.437,gq:0.175:0.669:-0.598:0.405,a:-7.945:-5.523:0.527,la:-0.020:0.023:-0.004,g:-0.002:-0.021:0.131,m:37.250:-112.438:-133.000,grav:-7.367:-6.305:0.430,steps:0,stab:On Table
914.96,q:0.211:0.654:-0.579:0.439,gq:0.208:0.655:-0.580:0.437,a:-8.445:-4.719:0.602,la:-0.004:0.023:-0.012,g:0.018:-0.016:0.168,m:36.375:-116.313:-134.125,grav:-8.336:-4.859:0.625,steps:0,stab:On Table
915.71,q:0.238:0.641:-0.562:0.466,gq:0.272:0.622:-0.539:0.498,a:-8.445:-4.641:0.641,la:-0.070:0.191:0.000,g:0.018:-0.018:0.160,m:36.750:-115.938:-134.063,grav:-8.398:-4.758:0.633,steps:0,stab:On Table
916.35,q:0.305:0.602:-0.516:0.528,gq:0.305:0.602:-0.516:0.528,a:-9.250:-2.727:0.832,la:-0.012:0.070:0.012,g:0.020:-0.014:0.156,m:34.688:-122.563:-136.500,grav:-9.219:-2.750:0.867,steps:0,stab:On Table
916.99,q:0.334:0.582:-0.493:0.554,gq:0.308:0.600:-0.514:0.531,a:-9.410:-1.844:0.949,la:0.016:-0.008:0.004,g:0.018:-0.016:0.150,m:31.875:-130.063:-140.188,grav:-9.234:-2.672:0.875,steps:0,stab:On Table
917.64,q:0.336:0.580:-0.491:0.556,gq:0.337:0.580:-0.490:0.557,a:-9.520:-0.848:1.023,la:-0.035:0.105:-0.008,g:0.018:-0.018:0.152,m:30.375:-134.188:-139.313,grav:-9.430:-1.727:0.961,steps:0,stab:On Table
918.27,q:0.364:0.559:-0.467:0.580,gq:0.365:0.559:-0.467:0.581,a:-9.559:0.109:1.176,la:0.004:0.039:0.035,g:0.010:-0.018:0.143,m:28.813:-137.625:-138.750,grav:-9.547:-0.844:1.047,steps:0,stab:On Table
919.00,q:0.394:0.534:-0.440:0.605,gq:0.392:0.535:-0.442:0.604,a:-9.559:0.148:1.141,la:-0.004:0.000:-0.008,g:0.008:-0.020:0.160,m:27.625:-138.625:-142.813,grav:-9.477:1.148:1.227,steps:0,stab:On Table
919.65,q:0.447:0.482:-0.385:0.648,gq:0.448:0.482:-0.384:0.648,a:-9.293:2.102:1.254,la:0.016:0.031:-0.035,g:0.016:-0.010:0.143,m:25.313:-143.250:-142.688,grav:-9.297:2.125:1.289,steps:0,stab:On Table
920.29,q:0.473:0.454:-0.355:0.667,gq:0.473:0.454:-0.354:0.667,a:-9.055:3.098:1.332,la:-0.020:0.035:-0.004,g:0.014:-0.016:0.145,m:19.750:-147.000:-145.875,grav:-9.273:2.195:1.281,steps:0,stab:On Table
920.92,q:0.475:0.452:-0.353:0.668,gq:0.475:0.452:-0.352:0.668,a:-8.633:3.824:1.367,la:0.043:-0.074:-0.016,g:0.014:-0.014:0.145,m:15.500:-151.125:-143.375,grav:-9.008:3.102:1.344,steps:0,stab:On Table
921.55,q:0.498:0.423:-0.323:0.685,gq:0.497:0.425:-0.325:0.684,a:-8.633:4.016:1.406,la:0.012:-0.004:-0.016,g:0.004:-0.016:0.133,m:15.125:-149.750:-145.750,grav:-8.258:4.711:1.422,steps:0,stab:On Table
922.29,q:0.540:0.364:-0.262:0.713,gq:0.540:0.363:-0.261:0.713,a:-7.684:5.664:1.406,la:-0.016:0.047:-0.008,g:0.012:-0.018:0.156,m:11.750:-153.250:-145.563,grav:-8.227:4.781:1.430,steps:0,stab:On Table
922.93,q:0.559:0.334:-0.232:0.723,gq:0.542:0.361:-0.259:0.714,a:-7.063:6.277:1.484,la:-0.066:-0.051:-0.016,g:0.012:-0.016:0.145,m:4.438:-155.500:-147.875,grav:-7.633:5.672:1.445,steps:0,stab:On Table
923.58,q:0.560:0.331:-0.229:0.724,gq:0.560:0.331:-0.229:0.724,a:-6.492:7.000:1.445,la:0.180:0.246:-0.016,g:0.016:-0.021:0.150,m:-0.625:-158.438:-143.750,grav:-7.039:6.367:1.461,steps:0,stab:On Table
924.22,q:0.575:0.305:-0.203:0.732,gq:0.575:0.305:-0.202:0.732,a:-5.805:7.578:1.445,la:0.039:0.086:-0.008,g:0.010:-0.006:0.127,m:-2.438:-159.313:-144.688,grav:-5.859:7.477:1.461,steps:0,stab:On Table
924.86,q:0.590:0.275:-0.171:0.740,gq:0.589:0.277:-0.173:0.739,a:-5.000:8.039:1.445,la:-0.016:0.125:0.023,g:0.014:-0.014:0.150,m:-6.438:-159.500:-145.500,grav:-5.102:8.039:1.438,steps:0,stab:On Table
925.59,q:0.605:0.243:-0.140:0.746,gq:0.619:0.208:-0.105:0.750,a:-5.074:7.961:1.445,la:0.016:-0.078:-0.039,g:0.004:-0.012:0.137,m:-7.250:-161.500:-146.813,grav:-5.039:8.070:1.445,steps:0,stab:On Table
926.23,q:0.630:0.176:-0.074:0.752,gq:0.631:0.175:-0.074:0.752,a:-3.391:8.992:1.367,la:-0.059:0.027:0.031,g:0.014:-0.020:0.164,m:-12.875:-158.875:-144.000,grav:-4.148:8.563:1.406,steps:0,stab:On Table
926.88,q:0.631:0.173:-0.072:0.753,gq:0.632:0.172:-0.071:0.753,a:-2.586:9.109:1.293,la:0.039:-0.063:-0.043,g:0.012:-0.004:0.121,m:-17.000:-156.250:-142.750,grav:-3.328:8.945:1.367,steps:0,stab:On Table
927.56,q:0.641:0.142:-0.041:0.753,gq:0.641:0.142:-0.041:0.753,a:-1.820:9.457:1.332,la:-0.078:0.059:0.051,g:0.006:-0.010:0.133,m:-20.250:-156.750:-142.438,grav:-1.773:9.383:1.281,steps:0,stab:On Table
928.19,q:0.649:0.109:-0.008:0.753,gq:0.649:0.111:-0.010:0.753,a:-0.938:9.570:1.215,la:-0.004:-0.074:-0.027,g:0.012:-0.008:0.143,m:-21.000:-155.000:-144.750,grav:-0.844:9.523:1.219,steps:0,stab:On Table
928.93,q:0.662:0.047:0.052:0.746,gq:0.656:0.076:0.023:0.750,a:-0.672:9.496:1.176,la:-0.082:0.070:0.035,g:0.012:-0.008:0.129,m:-23.063:-154.563:-142.375,grav:-0.773:9.531:1.211,steps:0,stab:On Table
929.58,q:0.663:0.044:0.054:0.746,gq:0.663:0.044:0.055:0.746,a:0.285:9.570:1.102,la:0.125:0.008:-0.008,g:0.012:-0.010:0.133,m:-28.688:-149.750:-141.000,grav:0.203:9.578:1.133,steps:0,stab:On Table
930.21,q:0.667:0.011:0.083:0.741,gq:0.667:0.011:0.083:0.740,a:0.555:9.762:1.141,la:-0.672:0.262:0.086,g:0.006:-0.023:0.094,m:-29.000:-150.438:-139.813,grav:1.211:9.508:1.055,steps:0,stab:On Table
930.84,q:0.668:-0.001:0.091:0.739,gq:0.667:0.006:0.091:0.740,a:1.090:9.570:1.063,la:-0.496:0.301:0.137,g:0.008:0.014:0.055,m:-29.313:-148.250:-140.813,grav:1.109:9.523:1.063,steps:0,stab:On Table
931.48,q:0.667:0.004:0.089:0.740,gq:0.667:0.006:0.092:0.739,a:1.090:9.496:1.063,la:0.043:0.000:0.000,g:0.002:-0.006:0.008,m:-29.375:-149.000:-141.250,grav:1.125:9.523:1.063,steps:0,stab:On Table
932.23,q:0.667:0.004:0.089:0.740,gq:0.667:0.004:0.089:0.740,a:1.090:9.535:1.063,la:0.016:-0.008:-0.008,g:0.000:0.002:-0.008,m:-29.375:-149.750:-140.625,grav:1.039:9.539:1.070,steps:0,stab:On Table
932.86,q:0.667:0.005:0.089:0.740,gq:0.667:0.005:0.089:0.740,a:1.090:9.535:1.063,la:0.059:-0.008:-0.023,g:0.000:0.006:-0.008,m:-29.688:-149.688:-139.375,grav:1.031:9.539:1.078,steps:0,stab:On Table
933.49,q:0.667:0.007:0.088:0.740,gq:0.667:0.007:0.088:0.740,a:1.055:9.531:1.063,la:0.059:-0.008:-0.016,g:0.000:-0.006:-0.004,m:-28.688:-149.750:-141.313,grav:1.063:9.539:1.063,steps:0,stab:On Table
934.13,q:0.667:0.006:0.087:0.740,gq:0.667:0.006:0.087:0.740,a:1.055:9.531:1.063,la:-0.023:-0.008:0.000,g:0.004:0.004:-0.006,m:-28.688:-150.500:-140.938,grav:1.055:9.539:1.063,steps:0,stab:On Table
934.75,q:0.667:0.007:0.087:0.740,gq:0.667:0.007:0.087:0.740,a:1.016:9.531:1.063,la:-0.023:-0.008:0.000,g:0.002:0.002:-0.002,m:-29.000:-149.250:-139.375,grav:1.039:9.539:1.063,steps:0,stab:On Table
935.39,q:0.667:0.006:0.088:0.740,gq:0.667:0.006:0.088:0.740,a:1.016:9.531:1.063,la:-0.023:-0.008:-0.008,g:0.000:0.008:0.000,m:-27.938:-150.750:-139.813,grav:1.039:9.531:1.070,steps:0,stab:On Table
936.13,q:0.667:0.006:0.088:0.740,gq:0.667:0.007:0.088:0.740,a:1.016:9.531:1.063,la:0.016:0.000:-0.008,g:0.002:-0.004:-0.002,m:-29.375:-149.375:-141.000,grav:1.047:9.531:1.063,steps:0,stab:On Table
936.77,q:0.667:0.006:0.088:0.740,gq:0.667:0.006:0.088:0.740,a:1.055:9.531:1.063,la:0.000:0.000:0.000,g:0.000:-0.004:0.000,m:-28.313:-149.063:-142.063,grav:1.047:9.531:1.063,steps:0,stab:On Table
937.40,q:0.667:0.006:0.088:0.740,gq:0.667:0.006:0.088:0.740,a:1.016:9.531:1.063,la:0.016:0.000:0.000,g:0.002:0.000:0.000,m:-29.000:-148.938:-140.125,grav:1.047:9.531:1.063,steps:0,stab:On Table
938.03,q:0.667:0.006:0.088:0.740,gq:0.667:0.006:0.088:0.740,a:1.055:9.531:1.063,la:0.008:0.000:0.000,g:-0.002:0.002:-0.002,m:-29.000:-148.938:-140.125,grav:1.047:9.531:1.063,steps:0,stab:On Table
938.68,q:0.667:0.006:0.088:0.740,gq:0.667:0.006:0.088:0.740,a:1.016:9.531:1.063,la:0.008:0.000:0.023,g:0.000:-0.002:0.002,m:-28.688:-149.750:-141.375,grav:1.047:9.531:1.078,steps:0,stab:On Table
939.42,q:0.667:0.006:0.088:0.740,gq:0.667:0.006:0.088:0.740,a:1.055:9.531:1.063,la:0.008:0.000:0.000,g:0.002:0.000:-0.004,m:-27.563:-149.000:-141.313,grav:1.047:9.531:1.078,steps:0,stab:On Table
940.06,q:0.667:0.006:0.088:0.740,gq:0.667:0.006:0.088:0.740,a:1.055:9.531:1.063,la:-0.023:0.000:-0.008,g:0.000:-0.002:0.000,m:-28.625:-149.250:-139.375,grav:1.039:9.531:1.070,steps:0,stab:On Table
940.74,q:0.667:0.006:0.088:0.740,gq:0.667:0.006:0.088:0.740,a:1.055:9.531:1.063,la:0.016:0.000:0.000,g:0.000:0.000:0.002,m:-27.938:-148.625:-142.063,grav:1.047:9.531:1.063,steps:0,stab:On Table
941.37,q:0.667:0.006:0.088:0.740,gq:0.667:0.006:0.088:0.740,a:1.055:9.531:1.063,la:0.016:0.000:-0.008,g:0.000:0.002:0.002,m:-28.625:-148.563:-138.938,grav:1.047:9.539:1.063,steps:0,stab:On Table
942.00,q:0.667:0.006:0.088:0.740,gq:0.667:0.006:0.088:0.740,a:1.055:9.531:1.063,la:0.008:0.000:-0.008,g:0.002:-0.002:0.000,m:-29.000:-149.313:-139.750,grav:1.039:9.531:1.070,steps:0,stab:On Table
942.74,q:0.667:0.006:0.088:0.740,gq:0.667:0.006:0.088:0.740,a:1.016:9.531:1.063,la:0.008:0.000:0.031,g:0.004:0.000:-0.002,m:-29.313:-148.500:-138.938,grav:1.047:9.531:1.063,steps:0,stab:On Table
943.38,q:0.667:0.006:0.088:0.740,gq:0.667:0.006:0.088:0.740,a:1.055:9.574:1.063,la:0.008:0.000:0.000,g:0.002:-0.002:0.000,m:-28.625:-148.688:-141.313,grav:1.039:9.531:1.070,steps:0,stab:On Table
944.01,q:0.667:0.006:0.088:0.740,gq:0.667:0.006:0.088:0.740,a:1.016:9.531:1.063,la:0.008:0.000:-0.016,g:0.000:0.000:0.000,m:-28.688:-149.750:-141.000,grav:1.039:9.531:1.070,steps:0,stab:On Table
944.65,q:0.667:0.006:0.088:0.740,gq:0.667:0.006:0.088:0.740,a:1.055:9.531:1.063,la:0.008:-0.008:-0.008,g:0.000:0.000:0.000,m:-30.000:-148.500:-138.500,grav:1.047:9.531:1.078,steps:0,stab:On Table
945.28,q:0.667:0.006:0.088:0.740,gq:0.667:0.006:0.088:0.740,a:1.055:9.531:1.102,la:0.008:-0.008:0.031,g:0.000:0.000:0.000,m:-27.875:-147.875:-141.625,grav:1.047:9.531:1.078,steps:0,stab:On Table
946.02,q:0.667:0.006:0.088:0.740,gq:0.667:0.006:0.088:0.740,a:1.055:9.531:1.063,la:0.008:0.000:-0.008,g:0.000:0.000:0.000,m:-27.938:-149.813:-142.125,grav:1.047:9.531:1.078,steps:0,stab:On Table
946.66,q:0.667:0.006:0.088:0.740,gq:0.667:0.006:0.088:0.740,a:1.016:9.531:1.063,la:0.008:0.000:-0.008,g:0.000:0.000:0.000,m:-28.250:-148.563:-140.500,grav:1.047:9.531:1.070,steps:0,stab:On Table
947.29,q:0.667:0.006:0.088:0.740,gq:0.667:0.006:0.088:0.740,a:1.055:9.531:1.063,la:0.008:0.000:-0.008,g:0.000:0.000:0.000,m:-29.000:-149.375:-140.563,grav:1.047:9.531:1.070,steps:0,stab:On Table
947.92,q:0.667:0.006:0.088:0.740,gq:0.667:0.006:0.088:0.740,a:1.016:9.531:1.063,la:-0.031:0.000:-0.008,g:0.000:0.000:0.000,m:-28.625:-149.000:-141.313,grav:1.055:9.531:1.078,steps:0,stab:On Table
948.56,q:0.667:0.006:0.088:0.740,gq:0.667:0.006:0.088:0.740,a:1.055:9.531:1.063,la:0.008:0.000:0.031,g:0.000:0.000:0.000,m:-28.250:-148.250:-141.250,grav:1.055:9.531:1.078,steps:0,stab:On Table
949.20,q:0.667:0.006:0.088:0.740,gq:0.667:0.006:0.088:0.740,a:1.055:9.531:1.063,la:0.016:0.000:0.000,g:0.000:0.000:0.000,m:-28.625:-149.313:-139.750,grav:1.055:9.531:1.070,steps:0,stab:On Table
949.95,q:0.667:0.006:0.088:0.740,gq:0.667:0.006:0.088:0.740,a:1.055:9.531:1.102,la:0.008:0.000:0.031,g:0.000:0.000:0.000,m:-28.938:-148.500:-138.938,grav:1.039:9.531:1.070,steps:0,stab:On Table
950.58,q:0.667:0.006:0.088:0.740,gq:0.667:0.006:0.088:0.740,a:1.055:9.531:1.063,la:0.016:0.000:-0.008,g:0.000:0.000:0.000,m:-28.250:-148.875:-139.688,grav:1.047:9.531:1.078,steps:0,stab:On Table
951.22,q:0.667:0.006:0.088:0.740,gq:0.667:0.006:0.088:0.740,a:1.055:9.531:1.063,la:0.008:0.000:-0.016,g:0.000:0.000:0.000,m:-28.625:-148.188:-140.438,grav:1.047:9.531:1.078,steps:0,stab:On Table
951.86,q:0.667:0.006:0.088:0.740,gq:0.667:0.006:0.088:0.740,a:1.016:9.531:1.063,la:-0.031:0.000:-0.008,g:0.000:0.000:0.000,m:-27.938:-150.125:-141.375,grav:1.047:9.531:1.078,steps:0,stab:On Table
952.49,q:0.667:0.006:0.088:0.740,gq:0.667:0.006:0.088:0.740,a:1.016:9.531:1.063,la:-0.023:0.000:-0.008,g:0.000:0.000:0.000,m:-28.250:-149.250:-139.375,grav:1.039:9.531:1.070,steps:0,stab:On Table
953.23,q:0.667:0.006:0.088:0.740,gq:0.667:0.006:0.088:0.740,a:1.016:9.531:1.063,la:-0.023:0.000:-0.008,g:0.000:0.000:0.000,m:-28.250:-149.250:-139.750,grav:1.047:9.531:1.078,steps:0,stab:On Table
953.87,q:0.667:0.006:0.088:0.740,gq:0.667:0.006:0.088:0.740,a:1.055:9.531:1.063,la:0.008:0.000:-0.016,g:0.000:0.000:0.000,m:-28.313:-149.750:-141.000,grav:1.047:9.531:1.070,steps:0,stab:On Table
954.55,q:0.667:0.006:0.088:0.740,gq:0.667:0.006:0.088:0.740,a:1.016:9.531:1.063,la:0.000:0.000:-0.008,g:-0.002:-0.002:0.002,m:-28.313:-149.688:-140.500,grav:1.047:9.531:1.070,steps:0,stab:On Table
955.19,q:0.667:0.006:0.088:0.740,gq:0.667:0.006:0.088:0.740,a:1.055:9.531:1.063,la:0.016:0.000:-0.008,g:-0.002:0.000:-0.002,m:-30.438:-149.688:-139.438,grav:1.039:9.531:1.070,steps:0,stab:On Table
955.82,q:0.667:0.006:0.088:0.740,gq:0.667:0.006:0.088:0.740,a:1.055:9.531:1.063,la:0.016:0.000:-0.008,g:0.000:0.000:0.000,m:-29.000:-149.313:-140.125,grav:1.055:9.531:1.063,steps:0,stab:On Table
956.55,q:0.667:0.006:0.088:0.740,gq:0.667:0.006:0.088:0.740,a:1.016:9.531:1.063,la:0.008:0.000:0.039,g:0.002:0.002:0.000,m:-28.313:-149.688:-140.563,grav:1.055:9.531:1.063,steps:0,stab:On Table
957.19,q:0.667:0.006:0.088:0.740,gq:0.667:0.006:0.088:0.740,a:1.055:9.531:1.063,la:0.000:0.000:0.000,g:0.000:-0.002:0.000,m:-28.188:-148.125:-138.125,grav:1.047:9.531:1.063,steps:0,stab:On Table
957.83,q:0.667:0.006:0.088:0.740,gq:0.667:0.006:0.088:0.740,a:1.016:9.531:1.063,la:-0.039:0.000:0.000,g:0.002:0.002:0.002,m:-29.750:-150.125:-140.625,grav:1.055:9.531:1.063,steps:0,stab:On Table
958.46,q:0.667:0.006:0.088:0.740,gq:0.667:0.006:0.088:0.740,a:1.055:9.531:1.063,la:0.008:0.000:0.000,g:0.000:0.002:-0.002,m:-28.688:-149.438:-141.750,grav:1.039:9.531:1.063,steps:0,stab:On Table
959.11,q:0.667:0.006:0.088:0.740,gq:0.667:0.006:0.088:0.740,a:1.055:9.531:1.063,la:-0.031:0.000:-0.008,g:0.000:0.000:0.000,m:-27.938:-149.313:-140.563,grav:1.039:9.531:1.063,steps:0,stab:On Table
959.85,q:0.667:0.006:0.088:0.740,gq:0.667:0.006:0.088:0.740,a:1.016:9.531:1.063,la:0.000:0.000:0.000,g:0.000:0.000:0.000,m:-29.375:-149.750:-140.625,grav:1.047:9.531:1.070,steps:0,stab:On Table
960.49,q:0.667:0.006:0.088:0.740,gq:0.667:0.006:0.088:0.740,a:1.055:9.531:1.063,la:0.000:0.000:0.000,g:0.000:0.000:0.000,m:-28.313:-149.313:-140.563,grav:1.055:9.531:1.063,steps:0,stab:On Table
961.12,q:0.667:0.006:0.088:0.740,gq:0.667:0.006:0.088:0.740,a:1.055:9.531:1.063,la:0.000:0.000:0.000,g:0.000:0.000:0.000,m:-28.563:-148.813:-138.125,grav:1.047:9.531:1.063,steps:0,stab:On Table
961.76,q:0.667:0.006:0.088:0.740,gq:0.667:0.006:0.088:0.740,a:1.055:9.531:1.063,la:0.008:0.000:0.000,g:0.000:0.000:0.000,m:-28.250:-149.313:-140.125,grav:1.047:9.531:1.063,steps:0,stab:On Table
962.41,q:0.667:0.006:0.088:0.740,gq:0.667:0.006:0.088:0.740,a:1.016:9.531:1.063,la:0.000:0.000:-0.008,g:0.000:0.000:0.000,m:-29.688:-147.875:-140.125,grav:1.047:9.531:1.070,steps:0,stab:On Table
963.05,q:0.667:0.006:0.088:0.740,gq:0.667:0.006:0.088:0.740,a:1.016:9.531:1.063,la:-0.039:0.000:-0.008,g:0.000:0.000:0.000,m:-28.625:-148.625:-141.688,grav:1.055:9.531:1.070,steps:0,stab:On Table
963.79,q:0.667:0.006:0.088:0.740,gq:0.667:0.006:0.088:0.740,a:1.055:9.531:1.063,la:0.008:0.000:0.000,g:0.000:0.000:0.000,m:-30.125:-150.063:-139.813,grav:1.055:9.531:1.070,steps:0,stab:On Table
